open_time,open,high,low,close,volume
2025-07-10 15:15:00,667.57,668.72,667.57,668.63,2226.99
2025-07-10 15:30:00,668.62,668.84,667.12,667.56,4117.11
2025-07-10 15:45:00,667.57,668.37,667.26,668.14,1732.78
2025-07-10 16:00:00,668.14,668.32,667.73,668.24,3243.67
2025-07-10 16:15:00,668.23,671.49,668.22,671.01,9257.91
2025-07-10 16:30:00,671.02,672.24,670.42,671.95,9301.19
2025-07-10 16:45:00,671.94,672.37,671.5,672.03,4897.21
2025-07-10 17:00:00,672.03,673.58,671.11,673.56,7544.29
2025-07-10 17:15:00,673.57,673.57,672.84,673.3,5649.33
2025-07-10 17:30:00,673.31,675.0,673.31,674.96,9511.6
2025-07-10 17:45:00,674.96,675.69,674.21,675.4,8839.08
2025-07-10 18:00:00,675.4,675.44,674.84,675.13,5532.35
2025-07-10 18:15:00,675.13,677.37,675.12,675.43,14917.2
2025-07-10 18:30:00,675.43,675.67,673.68,673.89,8177.52
2025-07-10 18:45:00,673.9,675.78,673.67,675.67,5657.53
2025-07-10 19:00:00,675.67,679.24,675.66,678.23,21209.16
2025-07-10 19:15:00,678.24,678.3,676.33,676.33,4571.04
2025-07-10 19:30:00,676.33,676.82,676.12,676.42,2893.48
2025-07-10 19:45:00,676.42,676.43,675.77,676.08,2048.79
2025-07-10 20:00:00,676.08,677.37,675.68,676.44,5083.2
2025-07-10 20:15:00,676.44,676.82,675.82,676.31,2625.72
2025-07-10 20:30:00,676.32,676.82,676.16,676.81,1653.29
2025-07-10 20:45:00,676.82,676.94,675.74,676.45,2608.62
2025-07-10 21:00:00,676.45,678.52,676.09,677.89,5665.2
2025-07-10 21:15:00,677.88,684.74,677.42,682.46,37515.25
2025-07-10 21:30:00,682.46,688.0,680.74,685.61,29101.4
2025-07-10 21:45:00,685.6,687.29,683.43,684.98,19988.08
2025-07-10 22:00:00,684.96,685.82,684.51,685.51,8400.63
2025-07-10 22:15:00,685.52,687.76,685.52,686.48,10783.51
2025-07-10 22:30:00,686.49,687.96,686.14,686.75,5235.91
2025-07-10 22:45:00,686.76,688.13,686.75,687.39,6530.42
2025-07-10 23:00:00,687.39,687.95,685.58,687.45,8402.49
2025-07-10 23:15:00,687.45,687.51,685.26,685.54,7325.94
2025-07-10 23:30:00,685.54,685.76,684.18,684.6,8123.28
2025-07-10 23:45:00,684.59,687.03,684.22,686.3,6986.82
2025-07-11 00:00:00,686.3,688.09,685.73,686.0,9226.39
2025-07-11 00:15:00,686.01,686.4,684.32,685.31,10923.26
2025-07-11 00:30:00,685.25,691.0,684.86,686.9,23054.22
2025-07-11 00:45:00,686.91,688.71,686.55,688.45,7498.24
2025-07-11 01:00:00,688.44,691.04,688.01,690.24,12534.43
2025-07-11 01:15:00,690.24,691.85,689.03,691.33,8716.72
2025-07-11 01:30:00,691.33,691.87,689.99,690.21,7996.79
2025-07-11 01:45:00,690.21,690.56,689.22,689.63,5228.0
2025-07-11 02:00:00,689.64,690.86,688.41,689.1,7005.76
2025-07-11 02:15:00,689.11,690.0,688.84,689.8,3668.83
2025-07-11 02:30:00,689.81,690.45,689.33,689.68,3717.44
2025-07-11 02:45:00,689.69,691.14,689.68,690.55,4014.06
2025-07-11 03:00:00,690.56,691.36,689.78,691.36,4267.52
2025-07-11 03:15:00,691.36,691.6,690.5,690.58,4304.27
2025-07-11 03:30:00,690.59,690.59,689.45,689.98,3636.55
2025-07-11 03:45:00,689.99,690.14,689.65,689.65,3272.31
2025-07-11 04:00:00,689.66,689.8,688.78,689.08,3577.99
2025-07-11 04:15:00,689.08,689.49,688.14,688.42,3870.12
2025-07-11 04:30:00,688.41,689.15,687.72,688.4,3453.38
2025-07-11 04:45:00,688.4,689.84,688.35,689.61,3642.96
2025-07-11 05:00:00,689.61,691.33,689.61,691.01,5691.57
2025-07-11 05:15:00,691.0,694.42,690.88,692.82,16326.42
2025-07-11 05:30:00,692.82,695.4,692.82,694.33,17327.04
2025-07-11 05:45:00,694.33,695.28,693.02,693.39,9983.32
2025-07-11 06:00:00,693.39,695.01,692.76,693.59,6581.29
2025-07-11 06:15:00,693.58,694.06,692.31,692.51,4366.87
2025-07-11 06:30:00,692.51,692.62,690.23,690.62,6940.53
2025-07-11 06:45:00,690.62,691.0,688.09,688.39,10879.87
2025-07-11 07:00:00,688.4,688.4,686.36,686.4,12120.68
2025-07-11 07:15:00,686.4,688.2,686.39,688.16,6877.38
2025-07-11 07:30:00,688.17,688.17,686.5,687.12,9934.93
2025-07-11 07:45:00,687.12,687.32,685.01,685.29,13490.26
2025-07-11 08:00:00,685.29,686.48,685.16,686.07,12223.46
2025-07-11 08:15:00,686.07,687.27,684.44,686.91,11274.53
2025-07-11 08:30:00,686.91,688.47,686.0,688.03,7767.74
2025-07-11 08:45:00,688.03,688.33,687.66,688.17,3756.31
2025-07-11 09:00:00,688.16,688.55,687.75,688.49,4467.61
2025-07-11 09:15:00,688.49,690.0,688.49,689.62,6771.21
2025-07-11 09:30:00,689.61,690.95,689.12,689.83,7473.45
2025-07-11 09:45:00,689.89,690.31,688.82,689.56,4604.12
2025-07-11 10:00:00,689.56,689.74,688.89,689.09,6000.6
2025-07-11 10:15:00,689.08,690.35,689.08,690.35,4201.86
2025-07-11 10:30:00,690.35,690.38,689.12,689.8,5278.95
2025-07-11 10:45:00,689.79,690.08,689.46,689.71,1806.95
2025-07-11 11:00:00,689.7,690.2,688.37,688.62,5701.9
2025-07-11 11:15:00,688.61,689.36,688.37,688.77,5826.23
2025-07-11 11:30:00,688.76,689.49,687.96,688.79,6775.79
2025-07-11 11:45:00,688.79,688.82,687.75,688.59,3082.4
2025-07-11 12:00:00,688.58,689.51,688.36,689.26,2911.31
2025-07-11 12:15:00,689.26,689.27,687.8,687.88,3496.67
2025-07-11 12:30:00,687.87,688.66,687.78,688.58,1633.69
2025-07-11 12:45:00,688.57,690.14,688.57,690.06,4032.61
2025-07-11 13:00:00,690.05,691.13,689.84,690.97,7230.75
2025-07-11 13:15:00,690.96,691.3,690.07,690.59,3855.8
2025-07-11 13:30:00,690.58,691.23,688.73,689.66,6253.77
2025-07-11 13:45:00,689.66,691.66,688.61,691.13,7472.34
2025-07-11 14:00:00,691.13,691.54,690.08,691.24,5408.76
2025-07-11 14:15:00,691.23,693.32,690.92,693.01,6987.59
2025-07-11 14:30:00,693.01,694.66,692.47,693.74,7549.44
2025-07-11 14:45:00,693.73,693.88,690.72,692.54,9435.19
2025-07-11 15:00:00,692.53,692.87,690.07,690.71,7054.79
2025-07-11 15:15:00,690.71,692.49,690.65,692.04,4629.78
2025-07-11 15:30:00,692.04,693.6,690.48,692.76,6449.31
2025-07-11 15:45:00,692.75,693.46,686.53,687.7,22626.69
2025-07-11 16:00:00,687.69,690.0,686.3,689.76,15784.03
2025-07-11 16:15:00,689.76,691.27,687.79,691.21,9521.17
2025-07-11 16:30:00,691.21,692.97,689.91,690.87,10512.27
2025-07-11 16:45:00,690.88,694.97,689.29,694.45,15100.77
2025-07-11 17:00:00,694.46,697.26,693.8,693.88,25567.35
2025-07-11 17:15:00,693.88,695.72,693.63,695.71,7082.19
2025-07-11 17:30:00,695.7,696.34,694.09,695.17,11125.77
2025-07-11 17:45:00,695.16,696.04,694.77,695.99,3752.19
2025-07-11 18:00:00,695.99,696.91,695.52,696.57,7631.93
2025-07-11 18:15:00,696.57,696.9,694.99,695.6,4970.13
2025-07-11 18:30:00,695.6,697.24,695.55,697.1,5038.73
2025-07-11 18:45:00,697.11,697.78,696.0,696.28,3986.94
2025-07-11 19:00:00,696.28,696.38,693.04,694.36,7644.85
2025-07-11 19:15:00,694.37,695.52,694.28,694.41,4642.18
2025-07-11 19:30:00,694.42,695.34,693.9,694.05,2478.36
2025-07-11 19:45:00,694.05,694.61,693.06,694.26,5054.98
2025-07-11 20:00:00,694.26,694.31,693.4,693.9,3537.72
2025-07-11 20:15:00,693.9,694.5,693.59,694.04,2028.8
2025-07-11 20:30:00,694.04,694.1,692.62,692.94,4032.02
2025-07-11 20:45:00,692.94,693.4,691.15,691.6,4902.38
2025-07-11 21:00:00,691.6,692.58,689.58,690.34,8421.2
2025-07-11 21:15:00,690.33,691.83,689.83,691.83,3063.75
2025-07-11 21:30:00,691.83,691.83,687.02,687.32,8191.86
2025-07-11 21:45:00,687.31,689.24,687.09,689.02,4437.29
2025-07-11 22:00:00,689.03,689.87,687.04,687.14,3524.09
2025-07-11 22:15:00,687.13,687.46,683.01,684.27,18530.03
2025-07-11 22:30:00,684.27,686.72,683.6,684.81,12391.9
2025-07-11 22:45:00,684.82,686.71,684.5,686.48,3514.06
2025-07-11 23:00:00,686.49,689.04,686.34,689.04,3216.26
2025-07-11 23:15:00,689.04,690.15,688.43,689.92,3574.69
2025-07-11 23:30:00,689.92,690.24,689.15,690.0,3455.68
2025-07-11 23:45:00,690.0,690.4,689.41,690.4,2097.47
2025-07-12 00:00:00,690.4,691.95,689.7,691.9,6516.3
2025-07-12 00:15:00,691.89,691.9,689.61,690.9,7645.53
2025-07-12 00:30:00,690.9,691.33,688.29,689.04,8221.13
2025-07-12 00:45:00,689.04,692.5,688.96,692.09,4469.93
2025-07-12 01:00:00,692.09,694.37,692.09,694.36,5659.36
2025-07-12 01:15:00,694.36,695.28,694.18,694.96,5299.13
2025-07-12 01:30:00,694.96,695.0,694.32,694.97,2593.04
2025-07-12 01:45:00,694.97,695.0,694.04,694.19,2302.02
2025-07-12 02:00:00,694.19,695.1,694.08,694.9,2836.46
2025-07-12 02:15:00,694.9,695.14,694.76,695.04,1762.01
2025-07-12 02:30:00,695.04,695.1,694.63,694.81,1512.67
2025-07-12 02:45:00,694.81,694.81,692.92,693.27,3438.87
2025-07-12 03:00:00,693.27,694.76,693.24,694.38,1897.85
2025-07-12 03:15:00,694.39,694.96,694.28,694.84,1463.58
2025-07-12 03:30:00,694.84,695.36,694.5,694.97,2874.84
2025-07-12 03:45:00,694.98,695.72,694.32,695.63,3887.88
2025-07-12 04:00:00,695.64,697.38,695.63,697.05,7345.68
2025-07-12 04:15:00,697.06,697.06,694.43,695.04,4633.75
2025-07-12 04:30:00,695.03,695.03,693.01,693.26,3902.36
2025-07-12 04:45:00,693.26,693.79,691.73,692.41,5732.26
2025-07-12 05:00:00,692.41,692.63,690.52,690.86,5092.27
2025-07-12 05:15:00,690.87,692.45,690.66,692.17,2768.7
2025-07-12 05:30:00,692.16,692.63,691.25,691.68,1893.51
2025-07-12 05:45:00,691.68,693.0,691.67,692.64,2015.95
2025-07-12 06:00:00,692.64,693.19,691.48,691.8,3101.79
2025-07-12 06:15:00,691.79,693.35,691.56,693.06,1641.29
2025-07-12 06:30:00,693.06,694.97,692.77,694.88,2992.22
2025-07-12 06:45:00,694.88,695.23,694.1,694.22,3222.62
2025-07-12 07:00:00,694.23,694.93,693.88,694.63,3960.86
2025-07-12 07:15:00,694.63,694.87,692.23,693.38,6544.31
2025-07-12 07:30:00,693.38,693.42,691.6,693.36,4238.44
2025-07-12 07:45:00,693.36,694.96,692.77,694.71,4460.28
2025-07-12 08:00:00,694.7,695.0,694.39,694.48,2552.6
2025-07-12 08:15:00,694.47,694.48,693.42,693.66,2680.97
2025-07-12 08:30:00,693.66,693.66,693.04,693.44,1763.91
2025-07-12 08:45:00,693.44,693.45,691.46,692.33,8361.57
2025-07-12 09:00:00,692.33,692.82,691.88,692.29,2872.15
2025-07-12 09:15:00,692.29,692.98,692.29,692.53,1973.72
2025-07-12 09:30:00,692.56,693.66,692.52,693.48,2761.36
2025-07-12 09:45:00,693.48,694.37,693.36,694.23,2851.1
2025-07-12 10:00:00,694.23,694.5,693.52,694.28,5036.92
2025-07-12 10:15:00,694.27,694.5,693.49,693.64,2047.83
2025-07-12 10:30:00,693.63,694.5,693.49,694.11,2293.76
2025-07-12 10:45:00,694.12,694.33,693.56,694.18,2412.63
2025-07-12 11:00:00,694.18,694.37,692.44,692.59,2841.38
2025-07-12 11:15:00,692.6,692.81,692.15,692.24,2347.86
2025-07-12 11:30:00,692.25,693.15,691.86,692.01,3111.81
2025-07-12 11:45:00,692.02,692.86,691.88,692.19,2068.17
2025-07-12 12:00:00,692.19,692.4,690.71,690.9,4684.87
2025-07-12 12:15:00,690.9,690.9,688.58,688.75,8516.02
2025-07-12 12:30:00,688.74,689.67,687.2,687.47,6799.89
2025-07-12 12:45:00,687.43,688.37,685.31,688.36,13292.33
2025-07-12 13:00:00,688.37,688.49,686.66,687.45,7958.93
2025-07-12 13:15:00,687.44,687.44,685.49,685.67,6682.03
2025-07-12 13:30:00,685.67,687.33,684.0,685.26,8247.74
2025-07-12 13:45:00,685.26,687.41,684.86,687.41,4865.08
2025-07-12 14:00:00,687.41,688.01,685.9,687.79,5672.46
2025-07-12 14:15:00,687.8,687.8,686.92,687.44,2881.61
2025-07-12 14:30:00,687.44,687.44,685.77,686.47,3204.15
2025-07-12 14:45:00,686.47,686.64,685.44,685.49,2675.36
2025-07-12 15:00:00,685.49,685.74,682.24,682.91,11728.53
2025-07-12 15:15:00,682.91,684.64,681.51,682.2,9405.32
2025-07-12 15:30:00,682.21,683.14,680.6,680.92,10501.72
2025-07-12 15:45:00,680.92,682.48,679.47,681.29,15133.41
2025-07-12 16:00:00,681.3,683.79,680.04,683.52,7305.04
2025-07-12 16:15:00,683.53,684.74,683.4,684.43,4680.85
2025-07-12 16:30:00,684.43,685.22,684.14,684.75,3197.74
2025-07-12 16:45:00,684.74,685.32,683.96,684.13,6017.59
2025-07-12 17:00:00,684.12,685.88,683.99,685.59,5772.51
2025-07-12 17:15:00,685.6,686.33,685.59,686.14,3231.31
2025-07-12 17:30:00,686.13,686.39,685.65,686.05,1771.8
2025-07-12 17:45:00,686.04,686.78,685.95,686.57,1265.44
2025-07-12 18:00:00,686.56,686.72,685.66,685.74,2162.74
2025-07-12 18:15:00,685.73,685.74,684.82,685.46,1505.94
2025-07-12 18:30:00,685.46,686.65,685.38,686.13,2634.65
2025-07-12 18:45:00,686.13,686.44,685.57,686.23,1182.4
2025-07-12 19:00:00,686.24,686.3,684.66,684.89,2398.0
2025-07-12 19:15:00,684.9,685.12,684.06,684.17,1214.08
2025-07-12 19:30:00,684.17,685.04,684.16,684.72,1152.42
2025-07-12 19:45:00,684.73,684.86,684.43,684.83,677.68
2025-07-12 20:00:00,684.82,684.9,683.53,683.59,2085.35
2025-07-12 20:15:00,683.58,683.94,683.1,683.4,2352.81
2025-07-12 20:30:00,683.39,683.52,682.37,682.62,2077.87
2025-07-12 20:45:00,682.62,682.62,680.92,680.93,2836.19
2025-07-12 21:00:00,680.93,682.04,680.4,680.96,4466.27
2025-07-12 21:15:00,680.95,682.94,680.95,682.9,1788.27
2025-07-12 21:30:00,682.91,684.11,682.41,683.99,1566.25
2025-07-12 21:45:00,684.0,684.25,683.5,684.24,1167.22
2025-07-12 22:00:00,684.25,684.4,683.5,684.08,3026.75
2025-07-12 22:15:00,684.09,684.65,682.36,684.65,1596.42
2025-07-12 22:30:00,684.65,685.03,684.41,684.95,916.36
2025-07-12 22:45:00,684.96,685.17,684.2,685.16,979.56
2025-07-12 23:00:00,685.16,685.5,684.54,684.93,1473.73
2025-07-12 23:15:00,684.93,685.68,684.93,685.55,1662.66
2025-07-12 23:30:00,685.54,685.87,685.21,685.39,996.09
2025-07-12 23:45:00,685.4,686.52,685.32,686.1,2205.34
2025-07-13 00:00:00,686.1,686.45,685.3,685.92,2557.89
2025-07-13 00:15:00,685.92,686.99,685.69,686.67,1518.64
2025-07-13 00:30:00,686.68,687.58,686.14,687.58,2183.11
2025-07-13 00:45:00,687.58,687.61,686.87,687.27,1274.64
2025-07-13 01:00:00,687.28,687.68,687.05,687.24,1228.94
2025-07-13 01:15:00,687.25,687.42,686.67,686.84,1401.89
2025-07-13 01:30:00,686.83,687.21,686.41,687.2,1085.88
2025-07-13 01:45:00,687.19,687.86,686.99,687.61,1686.67
2025-07-13 02:00:00,687.6,687.61,687.08,687.09,1248.58
2025-07-13 02:15:00,687.09,687.09,685.88,686.28,1461.34
2025-07-13 02:30:00,686.28,687.03,686.0,687.03,1345.81
2025-07-13 02:45:00,687.03,688.06,687.0,687.82,2863.94
2025-07-13 03:00:00,687.81,687.94,687.21,687.22,2170.65
2025-07-13 03:15:00,687.22,687.98,687.21,687.41,1574.79
2025-07-13 03:30:00,687.41,687.41,686.7,686.93,1538.32
2025-07-13 03:45:00,686.93,687.24,686.68,687.08,1187.14
2025-07-13 04:00:00,687.08,687.83,686.99,687.59,1830.27
2025-07-13 04:15:00,687.58,687.94,687.28,687.38,2351.1
2025-07-13 04:30:00,687.38,687.51,687.2,687.39,1297.96
2025-07-13 04:45:00,687.4,687.92,687.39,687.88,1172.04
2025-07-13 05:00:00,687.88,688.59,687.64,688.28,3286.97
2025-07-13 05:15:00,688.27,688.45,688.0,688.41,1537.88
2025-07-13 05:30:00,688.42,689.0,688.41,688.99,2862.12
2025-07-13 05:45:00,689.0,689.04,688.32,688.53,1751.78
2025-07-13 06:00:00,688.53,689.18,688.32,689.17,1903.91
2025-07-13 06:15:00,689.17,689.84,689.17,689.61,2430.22
2025-07-13 06:30:00,689.61,690.42,689.5,690.32,2660.3
2025-07-13 06:45:00,690.32,690.33,689.41,689.42,1244.36
2025-07-13 07:00:00,689.42,689.67,688.68,688.78,1820.33
2025-07-13 07:15:00,688.79,689.31,688.79,689.06,877.81
2025-07-13 07:30:00,689.06,690.06,689.06,689.85,1774.18
2025-07-13 07:45:00,689.84,690.44,689.63,690.43,1863.08
2025-07-13 08:00:00,690.44,690.87,690.26,690.86,3163.22
2025-07-13 08:15:00,690.87,690.87,690.0,690.82,2679.25
2025-07-13 08:30:00,690.83,691.09,690.5,690.61,2857.44
2025-07-13 08:45:00,690.62,690.62,689.78,690.34,2455.73
2025-07-13 09:00:00,690.34,690.54,690.1,690.21,1669.96
2025-07-13 09:15:00,690.22,690.22,689.26,689.79,2307.73
2025-07-13 09:30:00,689.79,689.79,688.32,689.07,2147.09
2025-07-13 09:45:00,689.07,689.14,688.44,689.0,1512.5
2025-07-13 10:00:00,688.99,690.5,688.99,690.32,2004.53
2025-07-13 10:15:00,690.31,690.5,690.11,690.5,1038.08
2025-07-13 10:30:00,690.49,690.82,690.1,690.81,1499.88
2025-07-13 10:45:00,690.82,690.82,689.68,690.33,2950.32
2025-07-13 11:00:00,690.32,691.47,690.32,691.37,4550.45
2025-07-13 11:15:00,691.37,691.62,690.29,690.61,2221.58
2025-07-13 11:30:00,690.62,690.89,689.41,690.89,3477.82
2025-07-13 11:45:00,690.9,691.53,690.52,691.47,2041.3
2025-07-13 12:00:00,691.47,692.66,691.43,692.41,7631.73
2025-07-13 12:15:00,692.41,692.74,692.24,692.71,3845.69
2025-07-13 12:30:00,692.71,692.97,691.7,692.24,3392.71
2025-07-13 12:45:00,692.24,693.4,691.77,692.25,6854.31
2025-07-13 13:00:00,692.26,692.64,691.21,691.4,5122.41
2025-07-13 13:15:00,691.36,692.02,691.36,691.39,2589.21
2025-07-13 13:30:00,691.38,692.4,691.38,692.32,1853.65
2025-07-13 13:45:00,692.32,692.76,691.87,692.34,2897.8
2025-07-13 14:00:00,692.34,692.48,691.76,692.42,2290.93
2025-07-13 14:15:00,692.43,694.47,692.38,694.1,15308.89
2025-07-13 14:30:00,694.1,694.23,692.51,692.69,5199.0
2025-07-13 14:45:00,692.7,693.69,691.1,692.1,10212.38
2025-07-13 15:00:00,692.11,693.11,691.49,692.97,3786.42
2025-07-13 15:15:00,692.98,693.86,692.24,692.72,3630.4
2025-07-13 15:30:00,692.72,692.72,690.07,691.51,5443.7
2025-07-13 15:45:00,691.51,692.0,691.0,691.56,2184.2
2025-07-13 16:00:00,691.57,692.59,690.96,691.84,3406.45
2025-07-13 16:15:00,691.84,692.5,691.54,691.54,2056.97
2025-07-13 16:30:00,691.55,691.55,690.6,690.75,2722.56
2025-07-13 16:45:00,690.75,690.76,688.83,689.0,5312.59
2025-07-13 17:00:00,689.0,689.94,688.33,689.93,4659.89
2025-07-13 17:15:00,689.94,690.87,689.68,690.61,1891.9
2025-07-13 17:30:00,690.6,691.29,690.6,690.98,2029.51
2025-07-13 17:45:00,690.99,691.21,690.43,690.88,1242.14
2025-07-13 18:00:00,690.88,690.98,690.3,690.74,2131.8
2025-07-13 18:15:00,690.74,691.76,690.67,691.73,2281.1
2025-07-13 18:30:00,691.74,691.91,691.41,691.57,1565.47
2025-07-13 18:45:00,691.58,692.3,691.26,692.1,2051.46
2025-07-13 19:00:00,692.11,692.46,691.68,692.34,1697.36
2025-07-13 19:15:00,692.35,693.62,692.27,693.56,4287.7
2025-07-13 19:30:00,693.56,693.86,692.73,692.99,1863.86
2025-07-13 19:45:00,692.99,693.07,691.84,691.97,2766.87
2025-07-13 20:00:00,691.96,692.43,691.15,692.42,2018.43
2025-07-13 20:15:00,692.42,693.3,692.42,693.29,1452.31
2025-07-13 20:30:00,693.29,693.53,692.98,693.03,904.72
2025-07-13 20:45:00,693.03,693.09,692.5,692.9,1297.55
2025-07-13 21:00:00,692.9,693.23,692.46,693.02,1784.04
2025-07-13 21:15:00,693.02,693.28,692.67,692.9,1796.71
2025-07-13 21:30:00,692.9,693.18,688.29,691.64,7308.31
2025-07-13 21:45:00,691.64,692.61,691.63,691.91,2429.02
2025-07-13 22:00:00,691.91,692.79,690.86,691.96,3768.11
2025-07-13 22:15:00,691.97,692.49,689.71,689.79,4274.26
2025-07-13 22:30:00,689.78,692.0,689.65,691.81,1724.0
2025-07-13 22:45:00,691.81,692.06,690.62,690.62,1612.26
2025-07-13 23:00:00,690.62,691.95,690.33,691.4,2118.81
2025-07-13 23:15:00,691.4,692.05,691.0,691.46,1023.56
2025-07-13 23:30:00,691.45,691.99,691.23,691.63,1058.43
2025-07-13 23:45:00,691.64,692.73,691.55,692.33,1818.77
2025-07-14 00:00:00,692.33,693.16,691.96,693.15,3023.91
2025-07-14 00:15:00,693.16,694.5,692.74,693.84,3157.54
2025-07-14 00:30:00,693.83,694.14,693.22,694.0,2229.1
2025-07-14 00:45:00,693.99,693.99,690.58,691.53,7905.82
2025-07-14 01:00:00,691.53,692.12,690.72,690.82,3300.25
2025-07-14 01:15:00,690.81,691.44,690.75,690.81,3464.92
2025-07-14 01:30:00,690.8,691.74,690.56,691.15,2230.01
2025-07-14 01:45:00,691.15,691.17,690.2,690.49,2141.28
2025-07-14 02:00:00,690.49,691.38,690.24,691.07,3391.98
2025-07-14 02:15:00,691.06,693.64,690.74,692.55,4587.38
2025-07-14 02:30:00,692.54,693.08,692.02,692.84,3342.59
2025-07-14 02:45:00,692.83,694.71,692.2,692.88,5863.77
2025-07-14 03:00:00,692.87,694.0,692.57,693.62,3011.56
2025-07-14 03:15:00,693.63,695.2,693.13,694.71,4828.49
2025-07-14 03:30:00,694.71,700.0,694.32,698.36,20624.72
2025-07-14 03:45:00,698.37,700.0,697.0,697.61,23453.79
2025-07-14 04:00:00,697.62,698.46,697.06,697.96,8930.07
2025-07-14 04:15:00,697.96,699.49,697.95,699.14,6800.95
2025-07-14 04:30:00,699.15,700.37,698.07,700.02,9206.37
2025-07-14 04:45:00,700.01,700.19,699.4,699.69,8517.18
2025-07-14 05:00:00,699.68,702.29,698.6,702.01,19039.27
2025-07-14 05:15:00,702.0,703.14,701.16,703.03,20834.96
2025-07-14 05:30:00,703.04,703.75,699.08,699.29,18708.51
2025-07-14 05:45:00,699.28,699.28,692.9,697.95,26871.74
2025-07-14 06:00:00,697.95,699.4,696.3,697.11,9523.09
2025-07-14 06:15:00,697.11,698.31,697.05,697.73,4152.62
2025-07-14 06:30:00,697.74,698.65,697.31,697.79,3111.26
2025-07-14 06:45:00,697.79,698.25,696.9,697.73,2812.85
2025-07-14 07:00:00,697.73,702.29,697.7,702.02,10237.89
2025-07-14 07:15:00,702.02,705.6,702.0,704.64,28834.3
2025-07-14 07:30:00,704.65,708.0,704.37,707.58,26191.48
2025-07-14 07:45:00,707.59,707.59,706.27,706.86,8740.92
2025-07-14 08:00:00,706.87,707.19,705.19,706.16,11401.66
2025-07-14 08:15:00,706.15,706.42,703.33,703.85,12098.41
2025-07-14 08:30:00,703.85,705.36,703.63,704.08,5929.89
2025-07-14 08:45:00,704.08,706.44,703.54,704.89,7138.14
2025-07-14 09:00:00,704.89,706.39,704.2,705.23,4909.6
2025-07-14 09:15:00,705.23,706.66,704.79,706.4,9438.99
2025-07-14 09:30:00,706.4,706.62,704.47,705.3,7575.93
2025-07-14 09:45:00,705.31,706.28,704.19,704.8,4987.33
2025-07-14 10:00:00,704.79,704.94,701.0,702.67,14526.25
2025-07-14 10:15:00,702.67,704.25,702.0,703.0,6245.09
2025-07-14 10:30:00,703.0,704.8,702.2,704.39,6080.75
2025-07-14 10:45:00,704.39,706.88,704.2,706.16,12333.75
2025-07-14 11:00:00,706.15,706.16,704.9,705.22,5784.85
2025-07-14 11:15:00,705.21,705.88,703.35,704.35,4591.17
2025-07-14 11:30:00,704.35,705.74,703.16,705.6,4198.62
2025-07-14 11:45:00,705.6,705.68,704.64,704.88,2763.53
2025-07-14 12:00:00,704.87,705.67,704.12,705.43,4693.95
2025-07-14 12:15:00,705.43,705.44,703.44,704.34,3277.69
2025-07-14 12:30:00,704.33,705.15,703.44,704.63,3141.82
2025-07-14 12:45:00,704.63,704.88,703.96,704.43,2551.51
2025-07-14 13:00:00,704.44,704.88,703.3,703.48,2841.63
2025-07-14 13:15:00,703.49,703.74,701.6,702.7,4846.62
2025-07-14 13:30:00,702.71,703.53,701.3,702.73,4721.7
2025-07-14 13:45:00,702.73,704.81,702.56,703.78,5254.44
2025-07-14 14:00:00,703.77,704.77,702.4,703.48,4196.02
2025-07-14 14:15:00,703.48,703.77,698.0,700.78,13142.5
2025-07-14 14:30:00,700.77,700.78,696.74,698.22,28178.8
2025-07-14 14:45:00,698.23,699.2,696.79,699.08,6425.98
2025-07-14 15:00:00,699.08,699.2,696.54,697.81,7406.41
2025-07-14 15:15:00,697.83,697.96,695.37,695.61,16436.82
2025-07-14 15:30:00,695.61,695.71,694.44,694.68,5462.15
2025-07-14 15:45:00,694.69,694.81,690.43,692.9,21455.64
2025-07-14 16:00:00,692.91,693.34,690.15,690.51,9905.17
2025-07-14 16:15:00,690.51,694.1,690.38,693.95,11576.02
2025-07-14 16:30:00,693.94,694.51,692.8,693.14,5921.62
2025-07-14 16:45:00,693.15,693.77,692.2,693.63,6623.11
2025-07-14 17:00:00,693.64,694.09,692.88,693.61,4449.16
2025-07-14 17:15:00,693.6,694.16,692.08,692.91,4937.47
2025-07-14 17:30:00,692.91,693.46,691.21,692.13,5486.69
2025-07-14 17:45:00,692.13,693.21,691.84,692.59,2381.41
2025-07-14 18:00:00,692.6,692.62,690.42,691.22,4783.43
2025-07-14 18:15:00,691.22,692.97,690.92,692.17,3217.75
2025-07-14 18:30:00,692.18,692.37,690.28,691.81,3180.78
2025-07-14 18:45:00,691.82,691.82,689.28,689.32,5193.01
2025-07-14 19:00:00,689.33,690.16,687.84,688.61,6970.51
2025-07-14 19:15:00,688.62,690.57,687.95,690.31,3250.4
2025-07-14 19:30:00,690.35,691.33,689.86,690.41,1924.77
2025-07-14 19:45:00,690.41,690.52,689.24,690.11,2035.1
2025-07-14 20:00:00,690.11,690.11,687.03,687.35,8731.85
2025-07-14 20:15:00,687.35,689.47,686.01,689.47,6109.31
2025-07-14 20:30:00,689.47,691.12,689.19,690.91,4480.59
2025-07-14 20:45:00,690.91,691.87,690.62,690.99,2004.48
2025-07-14 21:00:00,690.99,690.99,690.03,690.35,3471.29
2025-07-14 21:15:00,690.35,691.7,690.2,691.39,1919.58
2025-07-14 21:30:00,691.39,692.33,690.59,691.04,3015.03
2025-07-14 21:45:00,691.05,692.14,690.89,691.76,1792.99
2025-07-14 22:00:00,691.77,691.77,690.03,690.41,3579.41
2025-07-14 22:15:00,690.4,691.09,689.88,690.81,2315.18
2025-07-14 22:30:00,690.8,691.99,690.6,690.89,4697.28
2025-07-14 22:45:00,690.89,691.34,690.8,690.94,1317.05
2025-07-14 23:00:00,690.95,691.49,690.52,690.71,1935.62
2025-07-14 23:15:00,690.71,690.71,689.48,689.55,1734.06
2025-07-14 23:30:00,689.54,690.46,689.54,690.15,1482.22
2025-07-14 23:45:00,690.14,690.54,688.75,689.11,3971.59
2025-07-15 00:00:00,689.1,689.11,687.45,688.48,6463.26
2025-07-15 00:15:00,688.48,691.04,688.39,690.77,2924.31
2025-07-15 00:30:00,690.78,690.78,687.55,688.25,3372.8
2025-07-15 00:45:00,688.25,688.8,686.72,687.59,4586.85
2025-07-15 01:00:00,687.59,687.6,684.96,685.54,9390.72
2025-07-15 01:15:00,685.54,687.04,682.04,685.67,12917.0
2025-07-15 01:30:00,685.67,688.47,685.3,688.08,5241.97
2025-07-15 01:45:00,688.08,688.94,685.4,685.85,3830.65
2025-07-15 02:00:00,685.85,687.12,684.48,684.67,5947.62
2025-07-15 02:15:00,684.67,684.76,681.07,681.46,11485.01
2025-07-15 02:30:00,681.47,684.27,681.0,684.05,7595.96
2025-07-15 02:45:00,684.05,684.95,682.94,683.26,4680.19
2025-07-15 03:00:00,683.27,683.41,675.0,678.3,37408.8
2025-07-15 03:15:00,678.3,678.3,675.68,677.93,11136.88
2025-07-15 03:30:00,677.94,678.74,675.29,678.32,13536.69
2025-07-15 03:45:00,678.33,679.9,678.26,679.85,9083.97
2025-07-15 04:00:00,679.85,679.85,676.01,679.53,11747.63
2025-07-15 04:15:00,679.53,681.88,679.23,681.65,10828.27
2025-07-15 04:30:00,681.64,682.1,680.18,681.83,4683.69
2025-07-15 04:45:00,681.84,682.87,681.06,682.56,4718.66
2025-07-15 05:00:00,682.56,683.72,682.56,683.16,3705.59
2025-07-15 05:15:00,683.16,683.16,682.13,682.79,2547.58
2025-07-15 05:30:00,682.8,682.87,681.1,681.38,4222.79
2025-07-15 05:45:00,681.39,681.9,680.79,681.65,1930.46
2025-07-15 06:00:00,681.65,682.69,680.63,682.18,5362.19
2025-07-15 06:15:00,682.19,682.31,681.22,681.24,1752.3
2025-07-15 06:30:00,681.25,681.92,680.69,681.77,1989.87
2025-07-15 06:45:00,681.77,682.37,681.02,682.18,3345.09
2025-07-15 07:00:00,682.19,682.96,681.36,681.44,4898.49
2025-07-15 07:15:00,681.45,681.57,680.67,680.83,1684.82
2025-07-15 07:30:00,680.84,680.84,679.58,679.86,3985.62
2025-07-15 07:45:00,679.86,681.0,679.15,679.16,5413.0
2025-07-15 08:00:00,679.17,679.75,678.38,679.31,4603.46
2025-07-15 08:15:00,679.3,680.47,677.7,680.4,4428.17
2025-07-15 08:30:00,680.42,681.05,680.4,680.51,3003.89
2025-07-15 08:45:00,680.52,680.68,679.21,679.35,1766.74
2025-07-15 09:00:00,679.35,680.2,679.06,680.2,2977.33
2025-07-15 09:15:00,680.19,680.3,679.13,679.13,2775.34
2025-07-15 09:30:00,679.14,679.14,678.06,678.06,3266.91
2025-07-15 09:45:00,678.07,678.2,676.46,676.61,4285.94
2025-07-15 10:00:00,676.61,677.59,676.39,676.48,2952.84
2025-07-15 10:15:00,676.49,678.76,676.48,678.56,3109.07
2025-07-15 10:30:00,678.56,679.67,678.16,679.55,2895.05
2025-07-15 10:45:00,679.56,679.88,678.98,679.29,3007.4
2025-07-15 11:00:00,679.3,680.35,678.9,678.96,3570.59
2025-07-15 11:15:00,678.96,678.98,677.3,677.33,3738.85
2025-07-15 11:30:00,677.34,678.72,677.33,678.6,2378.69
2025-07-15 11:45:00,678.61,680.88,678.28,680.55,2788.46
2025-07-15 12:00:00,680.55,681.64,679.97,680.26,11233.15
2025-07-15 12:15:00,680.26,680.84,680.08,680.78,2659.66
2025-07-15 12:30:00,680.79,683.2,677.65,678.36,12007.3
2025-07-15 12:45:00,678.36,681.75,678.31,681.57,4984.6
2025-07-15 13:00:00,681.57,684.94,681.31,684.53,10730.91
2025-07-15 13:15:00,684.53,684.79,682.96,683.77,4709.89
2025-07-15 13:30:00,683.76,685.33,682.42,684.91,11250.43
2025-07-15 13:45:00,684.91,686.66,684.66,685.51,7181.67
2025-07-15 14:00:00,685.51,687.77,684.99,687.29,7949.97
2025-07-15 14:15:00,687.28,687.29,684.23,684.37,6493.51
2025-07-15 14:30:00,684.36,684.58,679.49,680.75,11557.0
2025-07-15 14:45:00,680.74,681.4,676.8,678.53,15330.44
2025-07-15 15:00:00,678.53,681.22,677.47,680.0,10026.48
2025-07-15 15:15:00,680.01,681.3,678.84,680.02,7051.61
2025-07-15 15:30:00,680.01,682.82,679.59,682.1,5285.96
2025-07-15 15:45:00,682.1,684.35,682.1,683.15,6361.47
2025-07-15 16:00:00,683.15,684.98,682.67,683.66,8153.0
2025-07-15 16:15:00,683.65,684.47,682.84,683.17,3958.57
2025-07-15 16:30:00,683.17,685.94,683.17,685.93,3238.54
2025-07-15 16:45:00,685.94,686.14,684.39,684.9,4908.86
2025-07-15 17:00:00,684.89,685.5,683.44,685.26,8506.11
2025-07-15 17:15:00,685.25,686.94,684.63,686.67,3141.55
2025-07-15 17:30:00,686.68,687.44,685.88,687.22,4008.04
2025-07-15 17:45:00,687.23,688.43,686.97,688.21,3966.14
2025-07-15 18:00:00,688.21,688.51,687.46,687.93,6359.96
2025-07-15 18:15:00,687.92,688.98,687.04,687.37,4376.0
2025-07-15 18:30:00,687.38,687.49,683.52,684.8,12943.8
2025-07-15 18:45:00,684.81,686.63,684.64,685.54,4292.76
2025-07-15 19:00:00,685.53,687.44,685.14,687.15,2839.06
2025-07-15 19:15:00,687.14,688.2,686.85,687.45,3644.32
2025-07-15 19:30:00,687.45,687.66,684.77,684.86,3214.53
2025-07-15 19:45:00,684.85,685.34,683.55,684.91,4142.3
2025-07-15 20:00:00,684.91,686.48,683.6,686.24,4063.96
2025-07-15 20:15:00,686.24,686.63,684.78,685.98,2841.42
2025-07-15 20:30:00,685.98,686.22,684.61,685.88,3120.93
2025-07-15 20:45:00,685.88,686.22,684.96,684.96,1478.98
2025-07-15 21:00:00,684.97,687.42,684.89,687.34,3085.42
2025-07-15 21:15:00,687.35,687.78,686.9,687.69,1650.63
2025-07-15 21:30:00,687.69,689.5,687.37,689.26,2775.72
2025-07-15 21:45:00,689.26,689.52,688.42,689.46,1173.02
2025-07-15 22:00:00,689.46,689.53,687.79,689.31,2520.86
2025-07-15 22:15:00,689.32,689.88,689.06,689.5,2010.45
2025-07-15 22:30:00,689.49,690.51,688.6,690.5,2361.61
2025-07-15 22:45:00,690.51,691.28,689.86,691.21,3193.01
2025-07-15 23:00:00,691.21,693.25,691.21,693.17,6423.42
2025-07-15 23:15:00,693.18,693.54,692.7,692.95,2970.63
2025-07-15 23:30:00,692.95,693.07,690.35,691.38,9541.42
2025-07-15 23:45:00,691.38,691.38,690.08,690.37,3907.44
2025-07-16 00:00:00,690.37,690.52,688.68,688.88,4885.9
2025-07-16 00:15:00,688.88,691.07,688.8,690.92,2991.89
2025-07-16 00:30:00,690.92,693.15,690.92,692.85,4450.9
2025-07-16 00:45:00,692.84,693.97,692.35,693.04,4548.29
2025-07-16 01:00:00,693.04,693.04,691.66,691.79,2352.92
2025-07-16 01:15:00,691.79,692.34,691.01,691.38,2230.75
2025-07-16 01:30:00,691.38,691.65,690.65,690.65,2036.1
2025-07-16 01:45:00,690.65,691.6,690.16,690.86,2157.31
2025-07-16 02:00:00,690.87,691.15,689.8,690.64,3551.05
2025-07-16 02:15:00,690.64,690.91,688.04,688.24,4166.59
2025-07-16 02:30:00,688.23,688.3,686.28,686.61,4328.58
2025-07-16 02:45:00,686.61,688.12,686.53,688.07,2366.4
2025-07-16 03:00:00,688.08,688.98,687.01,687.3,2788.09
2025-07-16 03:15:00,687.31,688.49,687.31,687.9,2100.73
2025-07-16 03:30:00,687.9,689.05,687.89,688.97,1932.6
2025-07-16 03:45:00,688.97,688.97,687.93,688.2,2173.82
2025-07-16 04:00:00,688.21,688.42,685.43,685.44,4632.99
2025-07-16 04:15:00,685.44,686.97,685.44,686.96,2204.21
2025-07-16 04:30:00,686.96,687.48,686.57,687.24,1995.38
2025-07-16 04:45:00,687.25,687.6,686.28,687.47,1798.44
2025-07-16 05:00:00,687.47,688.71,687.3,688.52,2814.4
2025-07-16 05:15:00,688.52,689.07,688.25,688.76,1436.28
2025-07-16 05:30:00,688.76,689.73,688.64,689.71,1429.04
2025-07-16 05:45:00,689.7,689.98,689.06,689.3,2445.46
2025-07-16 06:00:00,689.3,689.31,688.21,688.64,2683.92
2025-07-16 06:15:00,688.64,690.12,688.64,689.68,2023.4
2025-07-16 06:30:00,689.67,691.03,689.52,690.82,2382.7
2025-07-16 06:45:00,690.81,691.37,690.6,691.21,3220.43
2025-07-16 07:00:00,691.21,691.42,690.13,690.57,3329.91
2025-07-16 07:15:00,690.57,692.08,690.57,692.04,2397.22
2025-07-16 07:30:00,692.04,693.66,691.84,693.66,3328.73
2025-07-16 07:45:00,693.65,693.88,691.75,692.16,6722.99
2025-07-16 08:00:00,692.17,692.43,690.95,691.22,3577.03
2025-07-16 08:15:00,691.22,692.35,691.21,691.89,2582.9
2025-07-16 08:30:00,691.89,693.8,691.81,693.5,5216.21
2025-07-16 08:45:00,693.5,693.5,692.68,693.28,2619.8
2025-07-16 09:00:00,693.29,695.17,693.07,695.15,7303.22
2025-07-16 09:15:00,695.15,695.41,694.76,694.92,3407.18
2025-07-16 09:30:00,694.93,695.76,693.78,694.13,5445.83
2025-07-16 09:45:00,694.14,695.45,694.0,695.23,4084.64
2025-07-16 10:00:00,695.24,695.31,694.32,694.45,3380.19
2025-07-16 10:15:00,694.44,694.89,693.8,694.04,2204.43
2025-07-16 10:30:00,694.04,694.6,693.36,693.55,3086.28
2025-07-16 10:45:00,693.55,694.6,693.52,693.57,6144.26
2025-07-16 11:00:00,693.56,694.95,693.56,694.58,4042.25
2025-07-16 11:15:00,694.53,694.59,692.28,693.88,4735.86
2025-07-16 11:30:00,693.88,694.64,693.24,694.48,1947.8
2025-07-16 11:45:00,694.48,695.14,693.99,694.7,4891.23
2025-07-16 12:00:00,694.69,696.21,694.15,694.28,4873.72
2025-07-16 12:15:00,694.28,694.5,693.0,694.38,4668.39
2025-07-16 12:30:00,694.38,695.0,692.98,694.17,6692.66
2025-07-16 12:45:00,694.17,694.7,693.12,693.12,2760.26
2025-07-16 13:00:00,693.13,693.54,692.02,692.79,8754.82
2025-07-16 13:15:00,692.79,694.65,691.46,691.91,14013.72
2025-07-16 13:30:00,691.91,692.71,691.03,691.29,7315.13
2025-07-16 13:45:00,691.28,693.35,691.16,693.08,7998.37
2025-07-16 14:00:00,693.09,695.08,692.41,692.44,7594.6
2025-07-16 14:15:00,692.45,693.87,692.2,693.87,2472.52
2025-07-16 14:30:00,693.86,698.06,693.48,697.93,12732.37
2025-07-16 14:45:00,697.92,704.44,697.92,703.84,30791.65
2025-07-16 15:00:00,703.83,707.08,702.54,702.61,33239.5
2025-07-16 15:15:00,702.61,702.63,699.56,701.81,19105.24
2025-07-16 15:30:00,701.81,702.33,697.0,699.46,13067.46
2025-07-16 15:45:00,699.46,701.26,698.96,700.68,6792.07
2025-07-16 16:00:00,700.68,701.73,699.17,700.8,10487.41
2025-07-16 16:15:00,700.8,702.71,699.73,702.26,7531.07
2025-07-16 16:30:00,702.26,702.6,700.44,701.4,6580.2
2025-07-16 16:45:00,701.41,701.71,700.45,701.48,4585.32
2025-07-16 17:00:00,701.47,702.01,700.33,700.81,5404.79
2025-07-16 17:15:00,700.81,703.31,700.75,703.31,8163.01
2025-07-16 17:30:00,703.31,703.66,702.07,702.58,5990.45
2025-07-16 17:45:00,702.59,706.54,702.58,706.25,14104.33
2025-07-16 18:00:00,706.26,710.64,705.84,709.39,27965.13
2025-07-16 18:15:00,709.39,710.32,709.24,709.39,10857.42
2025-07-16 18:30:00,709.38,711.47,709.38,710.16,12836.89
2025-07-16 18:45:00,710.16,710.33,707.34,708.07,14421.51
2025-07-16 19:00:00,708.06,709.77,706.04,706.37,6231.01
2025-07-16 19:15:00,706.37,708.77,706.37,708.24,11786.96
2025-07-16 19:30:00,708.23,708.23,706.29,706.53,3707.78
2025-07-16 19:45:00,706.52,707.49,704.88,706.97,11296.11
2025-07-16 20:00:00,706.96,710.23,706.94,709.93,10876.11
2025-07-16 20:15:00,709.92,712.04,709.26,711.87,7945.2
2025-07-16 20:30:00,711.87,713.85,711.2,713.73,13741.03
2025-07-16 20:45:00,713.73,713.86,711.34,712.98,6815.3
2025-07-16 21:00:00,712.97,715.19,712.97,713.87,12941.08
2025-07-16 21:15:00,713.86,715.99,712.92,714.83,11189.35
2025-07-16 21:30:00,714.84,714.84,711.31,712.24,6283.11
2025-07-16 21:45:00,712.24,714.29,712.24,712.82,2492.76
2025-07-16 22:00:00,712.83,714.97,712.83,714.05,7900.16
2025-07-16 22:15:00,714.05,715.29,713.08,714.39,5315.27
2025-07-16 22:30:00,714.39,715.23,712.71,713.84,7253.23
2025-07-16 22:45:00,713.84,714.05,709.8,711.19,12708.24
2025-07-16 23:00:00,711.18,712.0,709.1,709.44,8100.02
2025-07-16 23:15:00,709.43,709.5,706.91,709.07,11374.81
2025-07-16 23:30:00,709.07,709.78,707.57,708.93,4161.08
2025-07-16 23:45:00,708.93,710.03,707.57,709.13,4194.55
2025-07-17 00:00:00,709.13,710.28,708.74,709.57,6052.03
2025-07-17 00:15:00,709.56,714.16,709.56,713.77,9848.0
2025-07-17 00:30:00,713.77,716.45,713.4,715.72,14760.08
2025-07-17 00:45:00,715.72,718.4,715.12,717.65,26307.04
2025-07-17 01:00:00,717.65,721.08,715.47,717.91,28657.42
2025-07-17 01:15:00,717.92,721.09,714.09,716.31,29698.92
2025-07-17 01:30:00,716.32,717.07,712.34,714.61,13751.93
2025-07-17 01:45:00,714.6,715.35,708.17,714.31,21274.63
2025-07-17 02:00:00,714.31,718.11,712.6,716.96,15832.55
2025-07-17 02:15:00,716.96,724.2,716.81,722.12,27911.42
2025-07-17 02:30:00,722.12,723.89,719.37,719.82,18426.32
2025-07-17 02:45:00,719.82,720.83,716.99,718.79,11541.67
2025-07-17 03:00:00,718.8,719.19,714.31,714.66,9461.3
2025-07-17 03:15:00,714.66,716.45,710.47,710.68,11535.26
2025-07-17 03:30:00,710.67,712.12,708.68,709.21,15076.26
2025-07-17 03:45:00,709.2,709.94,708.08,709.75,11814.55
2025-07-17 04:00:00,709.74,710.11,708.2,710.1,7889.29
2025-07-17 04:15:00,710.11,710.12,709.15,709.91,4566.87
2025-07-17 04:30:00,709.91,710.34,709.8,710.23,7618.7
2025-07-17 04:45:00,710.23,711.4,709.55,711.4,8249.51
2025-07-17 05:00:00,711.4,711.4,707.08,707.74,11898.88
2025-07-17 05:15:00,707.73,710.0,707.52,709.93,3838.13
2025-07-17 05:30:00,709.93,711.79,708.62,711.64,6541.52
2025-07-17 05:45:00,711.64,713.31,711.14,712.83,5442.0
2025-07-17 06:00:00,712.83,714.79,711.31,711.72,6844.32
2025-07-17 06:15:00,711.71,718.0,710.3,717.27,12451.88
2025-07-17 06:30:00,717.28,723.84,716.83,721.25,46122.06
2025-07-17 06:45:00,721.24,721.56,719.73,720.99,9604.84
2025-07-17 07:00:00,721.0,721.11,716.84,717.87,14916.35
2025-07-17 07:15:00,717.87,719.12,715.67,715.83,7144.05
2025-07-17 07:30:00,715.83,719.8,715.83,719.53,10119.22
2025-07-17 07:45:00,719.52,721.64,719.29,721.19,7431.96
2025-07-17 08:00:00,721.19,721.66,719.58,719.88,9780.26
2025-07-17 08:15:00,719.87,720.76,714.76,716.35,24030.63
2025-07-17 08:30:00,716.35,717.28,715.0,716.88,9039.27
2025-07-17 08:45:00,716.88,718.39,715.96,718.25,5248.48
2025-07-17 09:00:00,718.25,719.67,717.06,717.09,14072.8
2025-07-17 09:15:00,717.09,717.94,714.4,717.84,10075.94
2025-07-17 09:30:00,717.84,720.26,717.56,720.21,12528.18
2025-07-17 09:45:00,720.2,722.19,719.29,721.06,14190.74
2025-07-17 10:00:00,721.06,721.24,715.68,716.65,21916.88
2025-07-17 10:15:00,716.65,719.67,716.42,717.6,8839.87
2025-07-17 10:30:00,717.61,718.04,715.6,715.98,8152.94
2025-07-17 10:45:00,715.99,717.2,715.27,716.26,5925.56
2025-07-17 11:00:00,716.26,719.6,715.64,719.44,7585.34
2025-07-17 11:15:00,719.43,720.13,718.26,719.56,9024.23
2025-07-17 11:30:00,719.55,720.16,717.6,719.13,8993.06
2025-07-17 11:45:00,719.13,719.99,718.0,718.04,4399.85
2025-07-17 12:00:00,718.05,718.54,714.95,718.27,8734.31
2025-07-17 12:15:00,718.27,718.59,714.22,714.68,7422.11
2025-07-17 12:30:00,714.67,718.64,714.29,718.47,5725.39
2025-07-17 12:45:00,718.48,720.11,718.42,719.41,7810.59
2025-07-17 13:00:00,719.42,720.07,717.29,719.07,10499.17
2025-07-17 13:15:00,719.06,719.83,717.17,719.36,6357.88
2025-07-17 13:30:00,719.35,719.84,713.84,713.85,11084.9
2025-07-17 13:45:00,713.85,722.97,712.03,720.51,28745.12
2025-07-17 14:00:00,720.5,727.44,720.42,726.66,54767.37
2025-07-17 14:15:00,726.61,728.4,724.25,727.56,18858.81
2025-07-17 14:30:00,727.57,727.57,724.3,724.53,8317.58
2025-07-17 14:45:00,724.52,725.73,724.39,725.05,5615.43
2025-07-17 15:00:00,725.04,726.68,722.06,722.22,11099.32
2025-07-17 15:15:00,722.22,723.71,720.99,721.73,10064.36
2025-07-17 15:30:00,721.73,724.85,721.73,724.6,7780.56
2025-07-17 15:45:00,724.6,724.61,721.69,721.69,5369.42
2025-07-17 16:00:00,721.69,722.4,718.11,719.05,12246.97
2025-07-17 16:15:00,719.05,719.05,715.49,716.43,16710.44
2025-07-17 16:30:00,716.45,716.8,713.77,715.12,18624.41
2025-07-17 16:45:00,715.12,716.69,713.84,716.07,7501.74
2025-07-17 17:00:00,716.08,718.16,715.32,717.41,5612.49
2025-07-17 17:15:00,717.4,717.5,715.24,715.96,4213.04
2025-07-17 17:30:00,715.97,717.63,714.01,715.92,7407.38
2025-07-17 17:45:00,715.92,719.77,715.34,719.27,7099.99
2025-07-17 18:00:00,719.28,719.82,717.47,717.84,3838.34
2025-07-17 18:15:00,717.84,720.61,717.84,720.34,3333.45
2025-07-17 18:30:00,720.35,720.7,719.53,719.6,2872.51
2025-07-17 18:45:00,719.65,720.86,719.15,720.47,2423.61
2025-07-17 19:00:00,720.47,720.6,719.78,720.2,3006.08
2025-07-17 19:15:00,720.2,720.74,719.67,719.99,2623.39
2025-07-17 19:30:00,719.99,720.94,719.99,720.26,3147.9
2025-07-17 19:45:00,720.26,720.26,715.26,715.84,11991.06
2025-07-17 20:00:00,715.83,716.23,711.0,713.99,23456.96
2025-07-17 20:15:00,713.99,714.66,711.65,713.53,11198.57
2025-07-17 20:30:00,713.52,716.02,713.1,715.51,4753.57
2025-07-17 20:45:00,715.55,716.56,714.87,716.31,5250.36
2025-07-17 21:00:00,716.31,721.49,716.15,720.8,11301.63
2025-07-17 21:15:00,720.79,724.21,720.79,723.92,10896.17
2025-07-17 21:30:00,723.92,724.0,718.99,723.19,9624.12
2025-07-17 21:45:00,723.19,724.21,722.79,723.58,4246.65
2025-07-17 22:00:00,723.58,725.43,723.16,725.2,7613.28
2025-07-17 22:15:00,725.2,725.52,723.93,724.11,3605.96
2025-07-17 22:30:00,724.12,725.46,723.86,724.92,3153.51
2025-07-17 22:45:00,724.92,726.24,722.72,723.95,9541.3
2025-07-17 23:00:00,723.96,724.51,721.42,722.84,5477.29
2025-07-17 23:15:00,722.84,725.4,722.8,723.73,6270.1
2025-07-17 23:30:00,723.74,724.0,722.28,723.0,4901.84
2025-07-17 23:45:00,723.01,723.46,720.43,721.11,4287.34
2025-07-18 00:00:00,721.1,723.12,720.1,720.91,7308.94
2025-07-18 00:15:00,720.91,723.7,720.66,723.19,4058.03
2025-07-18 00:30:00,723.18,726.05,723.04,725.99,4803.93
2025-07-18 00:45:00,726.0,728.9,725.92,728.88,12552.3
2025-07-18 01:00:00,728.87,732.4,728.34,732.03,19940.55
2025-07-18 01:15:00,732.03,732.03,729.08,731.25,12182.15
2025-07-18 01:30:00,731.24,732.33,729.98,730.86,5521.41
2025-07-18 01:45:00,730.85,734.16,730.1,733.2,12246.22
2025-07-18 02:00:00,733.2,733.32,728.55,729.26,13012.74
2025-07-18 02:15:00,729.26,729.61,727.7,729.48,7571.93
2025-07-18 02:30:00,729.48,731.0,728.74,729.52,8684.72
2025-07-18 02:45:00,729.51,732.62,728.86,732.38,6431.71
2025-07-18 03:00:00,732.38,733.43,731.3,733.16,10497.45
2025-07-18 03:15:00,733.16,734.15,732.52,732.61,9676.73
2025-07-18 03:30:00,732.61,735.62,732.32,735.02,12308.19
2025-07-18 03:45:00,735.02,737.16,734.94,737.05,12683.76
2025-07-18 04:00:00,737.06,737.16,734.05,736.43,14595.25
2025-07-18 04:15:00,736.43,739.12,735.54,739.02,10160.96
2025-07-18 04:30:00,739.02,743.59,738.95,742.19,34033.32
2025-07-18 04:45:00,742.17,744.39,741.24,744.11,14944.19
2025-07-18 05:00:00,744.11,746.0,741.44,745.66,27660.86
2025-07-18 05:15:00,745.65,748.41,745.45,747.37,28495.0
2025-07-18 05:30:00,747.36,748.69,746.48,747.37,13743.75
2025-07-18 05:45:00,747.37,748.74,746.61,748.33,8713.3
2025-07-18 06:00:00,748.33,748.71,744.96,747.16,11607.37
2025-07-18 06:15:00,747.16,748.74,745.06,746.03,15131.26
2025-07-18 06:30:00,746.01,748.2,745.45,747.49,8787.33
2025-07-18 06:45:00,747.48,748.5,745.76,745.89,6894.75
2025-07-18 07:00:00,745.88,747.64,743.48,744.32,13904.5
2025-07-18 07:15:00,744.32,745.61,742.88,745.36,14383.95
2025-07-18 07:30:00,745.35,746.32,740.47,742.32,19891.6
2025-07-18 07:45:00,742.31,742.54,739.59,740.42,22020.44
2025-07-18 08:00:00,740.43,741.6,737.3,740.1,22588.31
2025-07-18 08:15:00,740.11,743.09,739.72,742.14,15461.11
2025-07-18 08:30:00,742.14,742.44,735.1,735.54,23569.79
2025-07-18 08:45:00,735.54,738.59,734.97,736.53,15550.55
2025-07-18 09:00:00,736.53,738.0,733.71,737.44,23480.06
2025-07-18 09:15:00,737.45,738.08,735.42,736.0,9586.01
2025-07-18 09:30:00,736.0,738.64,735.57,737.3,6748.33
2025-07-18 09:45:00,737.32,740.0,737.0,739.37,5913.02
2025-07-18 10:00:00,739.37,739.76,737.0,737.92,11816.39
2025-07-18 10:15:00,737.91,738.75,735.14,736.46,6621.53
2025-07-18 10:30:00,736.48,737.67,735.14,736.32,4290.09
2025-07-18 10:45:00,736.31,740.46,735.4,739.85,6658.1
2025-07-18 11:00:00,739.85,740.2,736.15,736.3,5007.81
2025-07-18 11:15:00,736.3,736.8,733.32,733.84,10316.39
2025-07-18 11:30:00,733.83,736.2,733.18,736.07,5889.67
2025-07-18 11:45:00,736.07,737.56,735.2,737.25,3251.45
2025-07-18 12:00:00,737.25,738.67,737.08,738.2,4355.95
2025-07-18 12:15:00,738.2,742.58,737.43,741.33,12008.87
2025-07-18 12:30:00,741.32,745.93,741.26,745.67,12630.59
2025-07-18 12:45:00,745.68,750.88,745.13,750.55,28062.23
2025-07-18 13:00:00,750.55,766.26,750.0,763.2,111802.57
2025-07-18 13:15:00,763.23,764.07,757.44,758.59,37176.9
2025-07-18 13:30:00,758.58,761.94,755.6,755.67,26809.18
2025-07-18 13:45:00,755.67,759.91,755.17,757.09,14963.44
2025-07-18 14:00:00,757.08,759.98,755.58,757.49,12277.4
2025-07-18 14:15:00,757.49,758.47,743.0,745.0,50338.66
2025-07-18 14:30:00,745.01,747.72,739.22,744.31,38258.8
2025-07-18 14:45:00,744.3,750.17,743.8,747.53,20395.43
2025-07-18 15:00:00,747.53,747.6,741.23,741.47,12887.29
2025-07-18 15:15:00,741.47,743.56,732.15,734.51,40452.96
2025-07-18 15:30:00,734.51,737.04,731.36,734.41,18399.7
2025-07-18 15:45:00,734.4,738.51,732.67,737.93,10574.84
2025-07-18 16:00:00,737.92,740.48,736.78,737.4,10651.58
2025-07-18 16:15:00,737.36,740.53,735.76,740.12,10662.0
2025-07-18 16:30:00,740.11,744.77,739.32,744.62,12527.69
2025-07-18 16:45:00,744.6,745.0,742.72,743.87,9081.96
2025-07-18 17:00:00,743.88,745.0,741.83,743.88,9387.14
2025-07-18 17:15:00,743.84,748.36,743.84,748.04,10202.02
2025-07-18 17:30:00,748.04,748.81,738.82,740.28,28765.67
2025-07-18 17:45:00,740.28,742.25,739.61,741.57,8895.51
2025-07-18 18:00:00,741.57,741.84,738.76,738.89,4849.05
2025-07-18 18:15:00,738.89,740.84,738.08,740.78,4863.25
2025-07-18 18:30:00,740.79,741.68,737.84,737.86,7982.99
2025-07-18 18:45:00,737.85,739.2,735.56,735.98,7994.34
2025-07-18 19:00:00,735.98,736.38,729.03,732.2,21433.21
2025-07-18 19:15:00,732.21,736.13,732.05,734.72,7389.19
2025-07-18 19:30:00,734.72,734.92,731.68,732.45,5312.76
2025-07-18 19:45:00,732.45,733.47,730.61,732.15,6163.68
2025-07-18 20:00:00,732.14,732.97,725.0,725.79,23969.59
2025-07-18 20:15:00,725.8,727.57,720.22,720.59,19559.23
2025-07-18 20:30:00,720.59,723.03,718.91,722.61,18659.8
2025-07-18 20:45:00,722.62,726.86,722.29,725.51,16671.03
2025-07-18 21:00:00,725.5,730.24,724.74,729.73,12946.65
2025-07-18 21:15:00,729.72,732.13,728.42,731.91,18018.76
2025-07-18 21:30:00,731.92,733.66,731.89,732.8,6511.96
2025-07-18 21:45:00,732.79,735.79,732.21,733.18,10054.03
2025-07-18 22:00:00,733.17,733.3,727.25,730.04,13249.77
2025-07-18 22:15:00,730.03,734.19,729.44,733.65,5541.61
2025-07-18 22:30:00,733.66,734.46,732.57,733.33,3720.12
2025-07-18 22:45:00,733.32,733.93,731.48,731.91,5007.09
2025-07-18 23:00:00,731.91,732.15,724.2,724.28,17840.76
2025-07-18 23:15:00,724.27,728.26,723.9,726.91,12502.64
2025-07-18 23:30:00,726.9,729.68,726.85,728.6,5417.51
2025-07-18 23:45:00,728.59,730.88,727.96,730.39,4784.6
2025-07-19 00:00:00,730.39,730.92,729.04,730.5,6754.05
2025-07-19 00:15:00,730.5,731.0,728.63,730.83,6458.92
2025-07-19 00:30:00,730.83,731.87,725.32,726.81,6858.41
2025-07-19 00:45:00,726.82,727.12,722.4,722.63,9319.02
2025-07-19 01:00:00,722.63,722.85,718.95,720.8,20878.01
2025-07-19 01:15:00,720.8,724.99,720.11,724.61,11172.72
2025-07-19 01:30:00,724.6,727.09,723.72,726.61,4590.16
2025-07-19 01:45:00,726.6,728.19,725.28,726.3,7633.65
2025-07-19 02:00:00,726.3,726.66,723.03,725.72,6792.53
2025-07-19 02:15:00,725.71,728.36,724.26,726.48,5900.21
2025-07-19 02:30:00,726.48,729.75,726.41,729.71,5616.0
2025-07-19 02:45:00,729.7,731.11,729.28,730.38,4311.07
2025-07-19 03:00:00,730.38,731.84,729.9,731.71,7132.39
2025-07-19 03:15:00,731.7,732.66,731.29,732.53,3630.88
2025-07-19 03:30:00,732.53,734.39,732.33,733.96,5502.14
2025-07-19 03:45:00,733.96,735.39,732.79,735.25,7251.75
2025-07-19 04:00:00,735.25,737.43,734.62,736.7,11511.69
2025-07-19 04:15:00,736.7,738.64,736.28,738.46,18080.71
2025-07-19 04:30:00,738.45,739.76,736.48,737.65,10026.91
2025-07-19 04:45:00,737.64,737.98,736.51,737.43,3371.88
2025-07-19 05:00:00,737.44,737.64,734.2,735.53,6753.29
2025-07-19 05:15:00,735.53,736.54,734.91,736.17,5216.64
2025-07-19 05:30:00,736.16,736.64,735.4,736.12,2555.79
2025-07-19 05:45:00,736.13,736.17,734.64,735.09,2098.8
2025-07-19 06:00:00,735.08,735.81,734.09,734.51,2351.29
2025-07-19 06:15:00,734.52,734.96,732.33,732.45,4567.27
2025-07-19 06:30:00,732.46,733.98,732.19,732.4,3388.09
2025-07-19 06:45:00,732.41,733.68,732.09,732.4,2637.5
2025-07-19 07:00:00,732.4,734.61,731.93,734.21,4145.11
2025-07-19 07:15:00,734.21,734.76,732.32,733.85,7719.21
2025-07-19 07:30:00,733.86,734.0,732.01,732.19,4312.31
2025-07-19 07:45:00,732.19,733.28,732.11,732.66,3308.49
2025-07-19 08:00:00,732.66,733.56,730.42,730.68,6281.25
2025-07-19 08:15:00,730.68,731.21,729.24,730.08,8038.22
2025-07-19 08:30:00,730.07,730.69,728.28,730.62,5855.31
2025-07-19 08:45:00,730.62,731.48,729.81,730.77,2957.09
2025-07-19 09:00:00,730.77,733.61,730.18,732.34,4230.42
2025-07-19 09:15:00,732.35,733.64,732.18,732.88,3353.85
2025-07-19 09:30:00,732.87,734.32,732.42,734.04,3188.58
2025-07-19 09:45:00,734.04,735.34,731.9,733.04,7667.9
2025-07-19 10:00:00,733.04,733.35,731.44,731.66,3524.8
2025-07-19 10:15:00,731.65,733.0,731.23,733.0,1938.15
2025-07-19 10:30:00,732.99,738.54,732.99,738.26,14977.12
2025-07-19 10:45:00,738.26,738.84,735.67,736.4,7940.74
2025-07-19 11:00:00,736.4,737.57,734.07,734.39,5101.49
2025-07-19 11:15:00,734.39,738.39,733.36,737.68,10173.59
2025-07-19 11:30:00,737.68,738.76,737.11,737.99,5661.21
2025-07-19 11:45:00,737.99,738.68,736.0,737.17,6937.1
2025-07-19 12:00:00,737.17,738.0,736.1,737.09,6662.49
2025-07-19 12:15:00,737.1,741.36,736.36,739.59,11260.61
2025-07-19 12:30:00,739.59,740.84,739.32,740.68,6178.53
2025-07-19 12:45:00,740.67,742.48,740.04,742.36,7492.1
2025-07-19 13:00:00,742.37,742.94,740.04,740.39,7120.68
2025-07-19 13:15:00,740.4,740.52,737.53,737.75,6384.47
2025-07-19 13:30:00,737.76,738.54,735.28,736.27,10350.26
2025-07-19 13:45:00,736.27,736.8,734.65,736.24,5565.69
2025-07-19 14:00:00,736.23,736.53,733.94,733.99,8440.12
2025-07-19 14:15:00,733.99,735.68,733.32,733.66,5576.14
2025-07-19 14:30:00,733.66,734.92,731.16,732.63,11601.53
2025-07-19 14:45:00,732.63,733.29,728.49,729.19,11819.61
2025-07-19 15:00:00,729.2,730.36,727.78,728.0,12930.71
2025-07-19 15:15:00,728.0,731.3,728.0,730.4,10486.15
2025-07-19 15:30:00,730.4,732.57,729.65,732.41,5715.41
2025-07-19 15:45:00,732.41,732.41,730.25,731.15,4255.36
2025-07-19 16:00:00,731.16,731.48,728.57,729.17,6603.4
2025-07-19 16:15:00,729.17,732.83,728.6,732.64,5159.13
2025-07-19 16:30:00,732.64,733.33,731.93,733.23,3618.29
2025-07-19 16:45:00,733.24,733.6,731.54,732.53,2789.81
2025-07-19 17:00:00,732.54,732.6,730.58,731.04,3607.79
2025-07-19 17:15:00,731.04,731.74,730.16,730.71,2396.41
2025-07-19 17:30:00,730.71,730.9,728.6,729.07,3880.56
2025-07-19 17:45:00,729.08,730.44,728.16,729.41,2471.1
2025-07-19 18:00:00,729.41,731.99,728.92,731.56,3361.6
2025-07-19 18:15:00,731.56,732.27,730.84,731.45,2075.12
2025-07-19 18:30:00,731.45,732.57,731.45,731.67,1425.24
2025-07-19 18:45:00,731.67,732.06,730.5,730.98,1577.64
2025-07-19 19:00:00,730.98,731.78,728.74,730.07,3024.75
2025-07-19 19:15:00,730.08,732.18,729.96,732.17,2019.68
2025-07-19 19:30:00,732.18,735.63,732.17,734.96,4817.34
2025-07-19 19:45:00,734.96,735.57,734.12,734.82,5056.92
2025-07-19 20:00:00,734.82,736.04,734.36,735.23,2713.89
2025-07-19 20:15:00,735.23,735.26,733.9,735.01,2579.99
2025-07-19 20:30:00,735.01,735.62,734.25,735.32,1649.36
2025-07-19 20:45:00,735.33,736.27,733.06,733.06,4656.81
2025-07-19 21:00:00,733.06,733.78,728.18,728.8,11618.91
2025-07-19 21:15:00,728.79,729.19,725.15,728.56,20775.72
2025-07-19 21:30:00,728.56,728.92,727.24,728.27,3282.58
2025-07-19 21:45:00,728.26,730.87,728.26,730.53,3571.8
2025-07-19 22:00:00,730.53,731.48,729.2,731.48,2670.67
2025-07-19 22:15:00,731.48,732.19,730.65,730.67,2382.65
2025-07-19 22:30:00,730.67,732.33,730.52,732.15,1569.74
2025-07-19 22:45:00,732.16,732.88,731.67,732.87,1506.8
2025-07-19 23:00:00,732.87,733.12,732.08,732.87,1670.53
2025-07-19 23:15:00,732.87,732.87,731.14,732.12,2135.1
2025-07-19 23:30:00,732.12,733.42,732.12,732.61,4855.81
2025-07-19 23:45:00,732.61,733.74,732.06,733.43,2666.82
2025-07-20 00:00:00,733.43,733.66,731.99,732.48,2912.96
2025-07-20 00:15:00,732.47,733.75,731.72,731.72,2243.56
2025-07-20 00:30:00,731.72,734.04,731.67,732.35,7031.23
2025-07-20 00:45:00,732.36,734.6,732.36,734.43,2405.03
2025-07-20 01:00:00,734.44,736.64,734.41,736.36,8003.58
2025-07-20 01:15:00,736.36,738.01,736.36,737.5,5556.59
2025-07-20 01:30:00,737.49,739.24,737.01,738.99,7473.85
2025-07-20 01:45:00,739.0,741.89,738.81,738.97,11850.56
2025-07-20 02:00:00,738.98,739.92,737.77,739.76,5772.9
2025-07-20 02:15:00,739.76,740.63,738.62,740.07,6941.23
2025-07-20 02:30:00,740.07,742.37,739.13,741.62,7781.46
2025-07-20 02:45:00,741.63,742.26,741.32,742.15,3015.72
2025-07-20 03:00:00,742.16,742.34,741.39,742.05,4030.02
2025-07-20 03:15:00,742.05,742.65,741.23,742.53,4655.56
2025-07-20 03:30:00,742.53,746.74,742.52,744.8,17923.98
2025-07-20 03:45:00,744.79,744.99,742.1,743.4,8424.63
2025-07-20 04:00:00,743.4,744.64,741.41,742.28,5896.81
2025-07-20 04:15:00,742.29,744.37,742.0,743.85,4228.71
2025-07-20 04:30:00,743.85,744.6,742.46,742.85,3685.74
2025-07-20 04:45:00,742.84,743.18,741.6,742.24,3146.47
2025-07-20 05:00:00,742.23,742.64,740.93,741.42,3592.07
2025-07-20 05:15:00,741.43,741.86,739.73,740.23,3422.61
2025-07-20 05:30:00,740.24,741.75,739.91,741.75,3472.58
2025-07-20 05:45:00,741.75,744.66,741.75,744.13,6056.5
2025-07-20 06:00:00,744.13,744.36,742.87,742.96,3597.91
2025-07-20 06:15:00,742.96,743.24,741.84,743.08,2651.29
2025-07-20 06:30:00,743.09,743.88,742.28,743.31,2830.98
2025-07-20 06:45:00,743.31,743.33,742.39,742.59,1276.49
2025-07-20 07:00:00,742.59,743.26,742.01,742.99,2898.16
2025-07-20 07:15:00,742.99,743.98,742.99,743.97,1886.57
2025-07-20 07:30:00,743.97,746.0,743.32,745.92,4955.11
2025-07-20 07:45:00,745.92,745.96,744.53,744.99,5748.69
2025-07-20 08:00:00,744.98,747.79,744.98,747.19,9249.04
2025-07-20 08:15:00,747.2,749.32,747.19,748.55,11697.95
2025-07-20 08:30:00,748.55,749.45,748.24,749.45,6410.06
2025-07-20 08:45:00,749.44,751.36,748.48,751.21,13318.0
2025-07-20 09:00:00,751.21,751.21,748.4,749.29,7058.12
2025-07-20 09:15:00,749.3,749.98,747.51,748.15,5194.36
2025-07-20 09:30:00,748.16,751.07,748.16,749.51,8759.81
2025-07-20 09:45:00,749.51,750.08,749.04,749.2,2934.31
2025-07-20 10:00:00,749.2,750.18,747.7,748.58,11411.62
2025-07-20 10:15:00,748.58,749.53,748.37,749.37,2689.26
2025-07-20 10:30:00,749.37,749.39,747.3,747.63,5794.0
2025-07-20 10:45:00,747.63,748.08,745.42,745.59,5686.8
2025-07-20 11:00:00,745.58,746.89,745.0,746.59,8418.93
2025-07-20 11:15:00,746.6,748.32,746.16,747.04,4788.27
2025-07-20 11:30:00,747.04,748.27,746.76,748.04,2786.12
2025-07-20 11:45:00,748.04,750.68,747.84,749.2,7884.28
2025-07-20 12:00:00,749.2,749.5,747.63,748.47,5861.98
2025-07-20 12:15:00,748.47,748.47,746.76,746.76,4481.44
2025-07-20 12:30:00,746.77,747.92,746.28,746.58,3329.48
2025-07-20 12:45:00,746.59,748.23,746.43,747.83,3651.81
2025-07-20 13:00:00,747.84,748.55,747.49,748.1,3657.4
2025-07-20 13:15:00,748.11,748.16,747.48,747.67,2705.69
2025-07-20 13:30:00,747.68,748.57,747.44,748.57,2107.44
2025-07-20 13:45:00,748.56,750.15,748.53,749.71,4048.05
2025-07-20 14:00:00,749.71,750.07,746.16,747.37,10990.54
2025-07-20 14:15:00,747.37,748.72,746.16,748.28,7555.95
2025-07-20 14:30:00,748.28,748.49,746.5,746.57,8254.11
2025-07-20 14:45:00,746.58,746.8,745.55,746.75,8316.65
2025-07-20 15:00:00,746.76,747.6,746.02,747.59,5784.01
2025-07-20 15:15:00,747.59,748.8,746.51,748.8,6109.26
2025-07-20 15:30:00,748.81,750.32,748.16,750.29,6733.16
2025-07-20 15:45:00,750.3,752.27,750.27,751.41,10268.1
2025-07-20 16:00:00,751.41,756.35,751.07,755.51,24835.0
2025-07-20 16:15:00,755.51,756.54,752.39,754.15,12440.09
2025-07-20 16:30:00,754.15,756.9,754.09,756.32,8659.09
2025-07-20 16:45:00,756.32,756.75,754.64,755.48,6433.24
2025-07-20 17:00:00,755.47,755.57,750.34,751.91,12933.2
2025-07-20 17:15:00,751.92,755.36,750.4,754.0,6629.68
2025-07-20 17:30:00,754.01,755.54,750.34,751.77,8104.77
2025-07-20 17:45:00,751.77,751.78,747.24,747.92,14011.34
2025-07-20 18:00:00,747.92,749.76,747.45,748.3,7859.58
2025-07-20 18:15:00,748.29,748.48,746.16,747.77,6466.19
2025-07-20 18:30:00,747.77,748.56,746.3,748.46,4721.74
2025-07-20 18:45:00,748.46,750.37,748.46,750.08,2965.77
2025-07-20 19:00:00,750.08,753.18,749.82,752.19,5972.35
2025-07-20 19:15:00,752.19,755.05,751.29,754.03,9811.9
2025-07-20 19:30:00,754.03,755.36,753.38,754.01,3972.51
2025-07-20 19:45:00,754.0,754.98,753.25,753.48,3918.76
2025-07-20 20:00:00,753.47,753.9,749.88,752.47,9883.7
2025-07-20 20:15:00,752.47,755.04,752.47,753.06,5786.6
2025-07-20 20:30:00,753.06,754.92,752.61,754.17,3369.05
2025-07-20 20:45:00,754.17,757.85,753.33,753.46,7623.83
2025-07-20 21:00:00,753.46,753.66,748.07,749.22,9101.66
2025-07-20 21:15:00,749.27,751.26,748.26,750.78,4672.06
2025-07-20 21:30:00,750.77,754.55,750.54,753.58,7930.01
2025-07-20 21:45:00,753.58,760.74,753.58,759.72,13923.84
2025-07-20 22:00:00,759.72,759.89,750.07,750.71,14774.77
2025-07-20 22:15:00,750.7,755.78,745.25,755.47,28652.05
2025-07-20 22:30:00,755.49,761.0,752.76,760.09,22759.87
2025-07-20 22:45:00,760.08,762.04,755.79,756.01,21388.57
2025-07-20 23:00:00,756.0,757.15,753.1,755.72,13747.68
2025-07-20 23:15:00,755.72,758.82,755.53,756.36,4690.38
2025-07-20 23:30:00,756.37,761.17,754.72,759.26,10539.12
2025-07-20 23:45:00,759.25,760.48,757.23,757.31,6752.12
2025-07-21 00:00:00,757.32,758.88,751.73,752.08,13587.82
2025-07-21 00:15:00,752.08,752.78,747.62,749.45,18241.98
2025-07-21 00:30:00,749.46,749.64,746.29,748.77,13368.49
2025-07-21 00:45:00,748.73,756.67,747.59,756.13,9787.87
2025-07-21 01:00:00,756.12,756.3,751.91,751.95,5435.37
2025-07-21 01:15:00,751.96,753.24,749.7,750.19,3885.02
2025-07-21 01:30:00,750.19,751.23,746.88,749.1,9170.13
2025-07-21 01:45:00,749.09,752.08,747.85,750.77,3575.35
2025-07-21 02:00:00,750.76,754.89,750.72,754.64,5903.31
2025-07-21 02:15:00,754.64,759.23,754.24,757.75,12870.45
2025-07-21 02:30:00,757.76,757.79,755.37,755.57,5195.01
2025-07-21 02:45:00,755.56,758.47,755.21,758.32,4209.44
2025-07-21 03:00:00,758.32,763.27,758.0,762.85,17767.89
2025-07-21 03:15:00,762.84,764.85,762.0,762.47,18173.3
2025-07-21 03:30:00,762.47,764.35,760.98,761.65,14266.39
2025-07-21 03:45:00,761.64,764.68,759.6,763.71,14434.15
2025-07-21 04:00:00,763.7,764.48,761.99,762.92,9129.22
2025-07-21 04:15:00,762.91,763.74,761.63,762.16,12846.1
2025-07-21 04:30:00,762.16,764.17,761.45,763.53,4359.2
2025-07-21 04:45:00,763.53,763.64,761.0,761.01,3063.83
2025-07-21 05:00:00,761.01,761.81,759.8,760.37,4208.54
2025-07-21 05:15:00,760.37,760.65,759.65,759.99,3568.73
2025-07-21 05:30:00,759.99,762.48,759.76,761.28,5031.62
2025-07-21 05:45:00,761.28,762.54,759.92,762.25,5701.34
2025-07-21 06:00:00,762.24,764.71,761.42,763.89,8609.01
2025-07-21 06:15:00,763.88,767.53,763.87,766.51,12575.44
2025-07-21 06:30:00,766.51,767.53,764.57,764.87,9300.54
2025-07-21 06:45:00,764.88,766.49,763.79,764.41,7605.05
2025-07-21 07:00:00,764.42,766.48,763.64,764.2,9785.66
2025-07-21 07:15:00,764.2,764.2,761.57,762.54,9672.87
2025-07-21 07:30:00,762.54,762.89,760.3,760.7,5364.97
2025-07-21 07:45:00,760.71,761.69,759.74,760.87,5533.42
2025-07-21 08:00:00,760.88,762.98,760.34,762.86,6986.4
2025-07-21 08:15:00,762.84,763.69,761.36,763.35,6595.44
2025-07-21 08:30:00,763.32,765.0,762.55,763.58,4786.1
2025-07-21 08:45:00,763.58,764.4,761.35,764.25,7894.09
2025-07-21 09:00:00,764.26,765.18,762.45,762.58,4137.6
2025-07-21 09:15:00,762.59,762.98,761.4,761.52,2541.76
2025-07-21 09:30:00,761.52,762.12,761.24,761.87,3432.09
2025-07-21 09:45:00,761.87,766.28,761.24,765.85,10584.25
2025-07-21 10:00:00,765.85,766.0,763.17,765.48,5734.81
2025-07-21 10:15:00,765.48,765.94,764.32,765.03,3752.28
2025-07-21 10:30:00,765.04,768.88,764.26,768.77,13176.19
2025-07-21 10:45:00,768.76,777.96,767.8,777.51,52470.25
2025-07-21 11:00:00,777.51,780.3,775.26,776.18,32566.69
2025-07-21 11:15:00,776.19,776.36,771.9,773.55,18364.23
2025-07-21 11:30:00,773.52,776.0,768.89,769.2,16680.25
2025-07-21 11:45:00,769.2,770.71,768.61,769.59,8286.88
2025-07-21 12:00:00,769.6,770.76,766.42,768.64,13099.17
2025-07-21 12:15:00,768.64,772.0,768.52,771.94,7815.3
2025-07-21 12:30:00,771.99,773.16,769.91,772.23,5985.71
2025-07-21 12:45:00,772.2,773.74,771.18,773.01,4501.01
2025-07-21 13:00:00,773.02,773.29,767.28,768.16,15765.95
2025-07-21 13:15:00,768.17,773.4,768.17,772.81,7598.66
2025-07-21 13:30:00,772.81,777.5,772.56,777.03,16060.06
2025-07-21 13:45:00,777.04,777.57,774.94,775.65,13073.36
2025-07-21 14:00:00,775.64,776.74,773.56,775.81,10980.91
2025-07-21 14:15:00,775.81,779.0,775.2,778.43,14722.58
2025-07-21 14:30:00,778.43,780.68,778.17,780.34,15947.88
2025-07-21 14:45:00,780.34,782.76,778.6,779.13,16564.96
2025-07-21 15:00:00,779.12,780.99,777.3,779.13,18096.76
2025-07-21 15:15:00,779.13,779.56,774.6,775.02,9736.51
2025-07-21 15:30:00,775.02,777.63,774.0,774.72,14839.54
2025-07-21 15:45:00,774.72,776.16,773.58,774.62,6859.69
2025-07-21 16:00:00,774.61,775.65,767.0,767.66,31342.0
2025-07-21 16:15:00,767.67,767.86,760.81,765.28,35791.0
2025-07-21 16:30:00,765.28,768.71,764.13,764.97,13598.86
2025-07-21 16:45:00,764.98,765.79,761.05,764.35,13489.46
2025-07-21 17:00:00,764.33,767.39,763.48,766.67,8641.94
2025-07-21 17:15:00,766.6,768.6,765.78,766.05,9477.68
2025-07-21 17:30:00,766.11,766.95,762.78,763.34,10472.7
2025-07-21 17:45:00,763.38,766.0,762.68,765.03,6259.8
2025-07-21 18:00:00,765.03,767.09,764.41,766.84,7436.08
2025-07-21 18:15:00,766.85,768.3,766.55,767.37,4277.31
2025-07-21 18:30:00,767.38,767.82,764.0,764.36,3670.71
2025-07-21 18:45:00,764.35,764.77,758.56,759.61,21843.61
2025-07-21 19:00:00,759.6,763.1,758.96,762.99,8029.57
2025-07-21 19:15:00,762.99,763.85,757.24,757.61,8024.09
2025-07-21 19:30:00,757.62,758.92,756.16,757.65,10211.49
2025-07-21 19:45:00,757.64,758.28,755.76,757.59,11005.61
2025-07-21 20:00:00,757.56,759.17,755.0,758.32,8347.56
2025-07-21 20:15:00,758.33,759.6,757.33,758.88,4555.72
2025-07-21 20:30:00,758.89,760.55,756.39,759.25,7906.25
2025-07-21 20:45:00,759.24,760.65,757.31,757.45,4979.31
2025-07-21 21:00:00,757.44,759.99,755.83,758.6,5916.97
2025-07-21 21:15:00,758.6,761.48,758.45,761.44,2880.56
2025-07-21 21:30:00,761.45,762.42,759.74,762.26,6614.58
2025-07-21 21:45:00,762.27,763.16,761.7,762.25,3285.32
2025-07-21 22:00:00,762.24,763.93,761.1,763.92,4089.74
2025-07-21 22:15:00,763.93,764.12,762.83,763.94,2688.7
2025-07-21 22:30:00,763.94,765.49,763.94,765.23,3806.5
2025-07-21 22:45:00,765.23,765.24,763.96,764.24,2146.36
2025-07-21 23:00:00,764.25,764.36,762.79,763.71,3070.02
2025-07-21 23:15:00,763.71,764.57,762.85,764.55,2320.34
2025-07-21 23:30:00,764.55,767.07,764.55,765.91,5339.69
2025-07-21 23:45:00,765.91,767.83,765.36,766.51,4789.3
2025-07-22 00:00:00,766.52,767.94,765.66,767.85,8650.39
2025-07-22 00:15:00,767.84,770.59,767.72,769.03,9987.78
2025-07-22 00:30:00,769.04,769.12,764.76,766.01,10470.52
2025-07-22 00:45:00,766.0,767.92,763.42,763.93,4462.07
2025-07-22 01:00:00,763.93,764.2,757.68,758.33,18048.34
2025-07-22 01:15:00,758.33,763.68,753.08,763.08,35164.98
2025-07-22 01:30:00,763.09,767.13,762.04,765.6,9909.09
2025-07-22 01:45:00,765.56,770.83,765.12,770.3,11567.29
2025-07-22 02:00:00,770.31,772.54,769.08,769.96,13347.3
2025-07-22 02:15:00,769.96,772.13,769.27,770.81,6476.4
2025-07-22 02:30:00,770.9,772.37,769.16,769.45,4830.52
2025-07-22 02:45:00,769.45,770.45,764.54,766.53,10567.15
2025-07-22 03:00:00,766.5,768.33,764.22,766.2,9818.82
2025-07-22 03:15:00,766.19,767.16,759.21,761.33,19891.85
2025-07-22 03:30:00,761.32,762.68,755.06,757.25,22005.86
2025-07-22 03:45:00,757.24,761.21,755.38,760.49,11356.04
2025-07-22 04:00:00,760.49,762.15,758.0,758.55,8624.9
2025-07-22 04:15:00,758.54,758.91,753.67,755.29,12984.52
2025-07-22 04:30:00,755.29,758.72,753.41,753.88,10205.09
2025-07-22 04:45:00,753.88,755.44,745.0,745.51,37553.1
2025-07-22 05:00:00,745.51,752.63,745.28,752.18,23931.87
2025-07-22 05:15:00,752.17,754.57,750.82,751.15,8966.55
2025-07-22 05:30:00,751.2,752.32,748.83,749.21,9099.41
2025-07-22 05:45:00,749.2,752.43,747.74,751.8,6200.31
2025-07-22 06:00:00,751.82,756.58,750.17,756.13,10435.12
2025-07-22 06:15:00,756.13,760.0,755.16,759.53,7393.42
2025-07-22 06:30:00,759.53,761.0,758.34,758.49,7177.07
2025-07-22 06:45:00,758.5,759.65,756.86,758.42,8481.33
2025-07-22 07:00:00,758.43,764.55,758.36,764.25,11215.53
2025-07-22 07:15:00,764.24,764.37,762.32,764.12,7319.1
2025-07-22 07:30:00,764.12,764.46,760.85,760.86,7670.78
2025-07-22 07:45:00,760.86,761.01,756.76,758.49,12949.52
2025-07-22 08:00:00,758.49,758.49,753.24,753.59,20646.37
2025-07-22 08:15:00,753.6,755.68,749.5,750.79,17247.01
2025-07-22 08:30:00,750.78,756.72,750.29,756.51,14227.56
2025-07-22 08:45:00,756.52,759.54,755.51,759.25,9091.73
2025-07-22 09:00:00,759.24,759.25,757.07,757.68,7518.94
2025-07-22 09:15:00,757.68,760.84,754.62,759.72,11688.21
2025-07-22 09:30:00,759.73,762.24,759.19,761.25,17678.86
2025-07-22 09:45:00,761.25,762.11,760.21,760.57,9885.91
2025-07-22 10:00:00,760.56,760.8,758.02,759.07,18876.41
2025-07-22 10:15:00,759.06,759.59,757.11,758.98,6177.45
2025-07-22 10:30:00,758.97,762.88,758.91,761.95,11087.78
2025-07-22 10:45:00,761.94,763.17,761.37,762.94,8425.9
2025-07-22 11:00:00,762.95,764.03,762.18,763.65,8029.21
2025-07-22 11:15:00,763.65,764.73,763.32,764.07,7331.1
2025-07-22 11:30:00,764.08,764.25,761.19,763.37,3802.07
2025-07-22 11:45:00,763.38,766.19,762.65,766.17,8587.59
2025-07-22 12:00:00,766.18,766.96,764.25,764.85,10637.52
2025-07-22 12:15:00,764.86,765.58,763.96,764.91,3424.0
2025-07-22 12:30:00,764.92,765.85,763.79,765.53,5357.3
2025-07-22 12:45:00,765.53,766.53,763.86,764.5,5466.77
2025-07-22 13:00:00,764.51,766.55,764.5,765.56,6668.29
2025-07-22 13:15:00,765.55,765.88,763.93,764.36,4191.4
2025-07-22 13:30:00,764.36,767.4,763.2,766.6,11724.69
2025-07-22 13:45:00,766.59,766.59,759.63,760.31,26499.85
2025-07-22 14:00:00,760.32,763.12,755.89,762.84,24536.93
2025-07-22 14:15:00,762.84,763.45,758.58,760.12,8166.37
2025-07-22 14:30:00,760.12,762.87,759.82,762.36,5045.36
2025-07-22 14:45:00,762.35,764.74,761.46,764.71,7494.27
2025-07-22 15:00:00,764.74,766.36,763.88,765.85,10671.43
2025-07-22 15:15:00,765.84,768.1,764.36,766.18,9959.44
2025-07-22 15:30:00,766.18,767.18,763.76,764.88,6102.94
2025-07-22 15:45:00,764.88,766.17,763.84,764.44,6376.28
2025-07-22 16:00:00,764.43,769.95,764.1,769.72,11691.68
2025-07-22 16:15:00,769.72,770.42,768.57,769.5,7150.87
2025-07-22 16:30:00,769.49,772.63,769.45,770.93,13729.89
2025-07-22 16:45:00,770.92,771.08,768.5,769.36,5215.71
2025-07-22 17:00:00,769.36,770.2,765.07,766.96,9149.15
2025-07-22 17:15:00,766.97,768.0,765.24,767.45,5112.49
2025-07-22 17:30:00,767.44,769.71,765.74,768.98,5839.32
2025-07-22 17:45:00,768.99,769.17,767.46,768.38,2807.19
2025-07-22 18:00:00,768.37,771.46,767.87,770.46,5160.77
2025-07-22 18:15:00,770.47,771.49,769.28,770.64,5065.8
2025-07-22 18:30:00,770.63,771.49,769.6,770.64,6970.0
2025-07-22 18:45:00,770.65,776.67,770.27,774.68,15301.78
2025-07-22 19:00:00,774.68,776.54,774.26,776.53,6859.09
2025-07-22 19:15:00,776.54,776.54,773.52,775.39,6897.21
2025-07-22 19:30:00,775.39,775.4,773.65,774.95,6122.32
2025-07-22 19:45:00,774.96,774.96,770.17,772.68,13131.8
2025-07-22 20:00:00,772.68,777.4,771.81,776.96,14058.71
2025-07-22 20:15:00,776.95,778.65,776.44,777.66,5511.55
2025-07-22 20:30:00,777.65,779.12,776.6,778.67,6572.19
2025-07-22 20:45:00,778.66,778.88,777.72,777.72,4847.11
2025-07-22 21:00:00,777.72,778.5,777.04,778.45,5448.26
2025-07-22 21:15:00,778.44,778.6,776.66,776.81,3718.82
2025-07-22 21:30:00,776.81,776.82,775.56,776.19,3787.66
2025-07-22 21:45:00,776.2,777.75,776.03,777.01,2779.81
2025-07-22 22:00:00,777.02,778.68,776.06,776.09,4077.34
2025-07-22 22:15:00,776.09,776.37,775.05,775.88,3128.71
2025-07-22 22:30:00,775.89,777.52,775.66,777.42,2514.57
2025-07-22 22:45:00,777.42,778.5,777.1,777.68,3201.11
2025-07-22 23:00:00,777.69,778.78,777.2,778.77,3773.86
2025-07-22 23:15:00,778.77,788.32,778.13,785.84,55635.9
2025-07-22 23:30:00,785.84,789.48,784.7,787.76,18083.68
2025-07-22 23:45:00,787.76,789.2,785.42,787.6,12565.26
2025-07-23 00:00:00,787.6,798.75,785.92,796.0,65428.75
2025-07-23 00:15:00,796.01,801.36,795.54,796.6,57616.89
2025-07-23 00:30:00,796.6,805.68,796.55,804.61,61097.44
2025-07-23 00:45:00,804.6,806.19,799.84,800.73,38555.79
2025-07-23 01:00:00,800.77,804.08,796.88,798.78,41573.74
2025-07-23 01:15:00,798.79,802.47,798.52,798.82,16129.82
2025-07-23 01:30:00,798.81,800.55,796.04,797.43,12926.95
2025-07-23 01:45:00,797.41,798.25,795.56,796.03,10618.7
2025-07-23 02:00:00,796.03,796.56,785.43,791.77,58285.6
2025-07-23 02:15:00,791.78,791.83,789.6,790.97,10472.34
2025-07-23 02:30:00,790.98,795.78,790.76,791.66,21458.97
2025-07-23 02:45:00,791.66,797.11,791.16,796.57,11826.76
2025-07-23 03:00:00,796.57,797.44,792.0,792.43,9087.41
2025-07-23 03:15:00,792.44,792.97,791.07,792.9,5895.38
2025-07-23 03:30:00,792.9,797.51,792.84,795.8,10580.5
2025-07-23 03:45:00,795.79,798.05,793.09,798.04,18081.71
2025-07-23 04:00:00,798.05,799.36,795.7,797.04,13156.59
2025-07-23 04:15:00,797.05,798.28,795.12,796.79,10210.93
2025-07-23 04:30:00,796.8,801.19,796.53,799.09,16567.45
2025-07-23 04:45:00,799.09,802.0,798.96,800.46,10375.55
2025-07-23 05:00:00,800.46,802.42,799.06,800.18,14633.02
2025-07-23 05:15:00,800.19,800.26,797.09,797.89,8197.11
2025-07-23 05:30:00,797.9,800.64,797.05,798.85,7938.89
2025-07-23 05:45:00,798.86,799.43,796.54,796.79,7375.34
2025-07-23 06:00:00,796.79,797.74,795.22,795.91,8219.27
2025-07-23 06:15:00,795.91,798.36,792.74,797.12,14419.54
2025-07-23 06:30:00,797.11,798.2,794.31,794.49,11012.97
2025-07-23 06:45:00,794.49,795.85,793.25,794.96,8705.81
2025-07-23 07:00:00,794.88,798.0,793.9,796.43,8532.17
2025-07-23 07:15:00,796.43,798.56,795.99,797.68,8614.36
2025-07-23 07:30:00,797.68,799.97,793.96,794.35,18790.46
2025-07-23 07:45:00,794.35,795.2,791.91,794.88,17384.91
2025-07-23 08:00:00,794.87,797.48,792.89,796.98,13599.33
2025-07-23 08:15:00,796.98,797.72,795.62,796.26,7774.04
2025-07-23 08:30:00,796.25,796.4,791.25,791.71,13098.09
2025-07-23 08:45:00,791.7,794.4,791.46,793.85,8063.18
2025-07-23 09:00:00,793.86,795.16,792.56,793.24,7410.94
2025-07-23 09:15:00,793.24,793.7,791.1,792.59,10992.08
2025-07-23 09:30:00,792.59,794.72,790.99,791.3,17189.9
2025-07-23 09:45:00,791.29,794.6,791.0,791.89,9205.37
2025-07-23 10:00:00,791.89,792.81,788.2,788.92,25555.45
2025-07-23 10:15:00,788.92,794.99,788.92,794.45,19659.39
2025-07-23 10:30:00,794.46,798.05,793.41,797.1,23760.12
2025-07-23 10:45:00,797.11,800.99,797.11,800.04,28538.7
2025-07-23 11:00:00,800.05,801.68,797.53,797.95,19795.65
2025-07-23 11:15:00,797.95,806.84,797.95,804.01,37128.38
2025-07-23 11:30:00,804.01,808.97,802.53,808.85,33785.09
2025-07-23 11:45:00,808.87,809.24,806.45,809.02,30889.59
2025-07-23 12:00:00,809.01,810.55,806.0,807.33,37967.29
2025-07-23 12:15:00,807.32,808.31,805.07,805.6,17266.21
2025-07-23 12:30:00,805.59,806.0,798.99,800.53,32658.39
2025-07-23 12:45:00,800.52,802.86,795.01,795.9,43771.49
2025-07-23 13:00:00,795.89,798.86,793.07,795.4,41485.98
2025-07-23 13:15:00,795.41,795.44,784.65,792.22,102561.22
2025-07-23 13:30:00,792.2,792.36,776.87,778.24,80048.62
2025-07-23 13:45:00,778.23,786.96,775.44,781.12,91108.67
2025-07-23 14:00:00,781.12,788.4,779.4,784.16,43076.79
2025-07-23 14:15:00,784.17,790.69,784.08,790.09,28047.2
2025-07-23 14:30:00,790.08,790.62,786.47,786.82,20548.83
2025-07-23 14:45:00,786.82,787.76,784.75,787.68,10152.98
2025-07-23 15:00:00,787.68,789.52,780.26,781.03,22511.48
2025-07-23 15:15:00,781.04,784.68,779.84,783.99,13879.62
2025-07-23 15:30:00,783.98,789.96,783.31,789.66,10989.94
2025-07-23 15:45:00,789.65,789.7,782.5,784.9,21290.63
2025-07-23 16:00:00,784.89,785.01,778.6,779.63,32578.02
2025-07-23 16:15:00,779.7,781.74,772.57,777.56,50518.85
2025-07-23 16:30:00,777.54,777.6,767.51,770.96,69912.99
2025-07-23 16:45:00,770.95,771.04,766.01,766.27,20564.55
2025-07-23 17:00:00,766.28,768.79,762.61,764.86,29733.24
2025-07-23 17:15:00,764.85,768.92,760.94,764.85,31786.72
2025-07-23 17:30:00,764.85,770.04,763.57,769.31,22297.64
2025-07-23 17:45:00,769.31,771.65,767.83,771.27,24022.98
2025-07-23 18:00:00,771.31,772.98,769.09,770.29,19658.13
2025-07-23 18:15:00,770.23,774.6,769.72,772.26,11471.63
2025-07-23 18:30:00,772.26,774.33,771.47,772.22,8165.8
2025-07-23 18:45:00,772.23,776.44,772.13,776.06,9174.71
2025-07-23 19:00:00,776.06,777.37,773.94,774.4,10635.18
2025-07-23 19:15:00,774.38,776.07,772.79,774.14,5084.32
2025-07-23 19:30:00,774.12,774.12,771.56,772.59,7842.8
2025-07-23 19:45:00,772.58,775.9,770.28,771.01,5604.12
2025-07-23 20:00:00,771.01,773.75,769.06,770.43,9760.37
2025-07-23 20:15:00,770.43,770.75,764.7,766.15,15966.82
2025-07-23 20:30:00,766.15,766.82,756.2,762.77,53550.6
2025-07-23 20:45:00,762.72,764.63,756.96,763.23,22699.0
2025-07-23 21:00:00,763.29,766.77,762.96,765.76,13814.08
2025-07-23 21:15:00,765.72,766.18,752.5,757.84,28250.11
2025-07-23 21:30:00,757.85,766.18,755.17,764.97,21185.14
2025-07-23 21:45:00,764.97,771.43,764.97,769.04,12982.73
2025-07-23 22:00:00,769.07,771.04,763.64,770.49,15635.15
2025-07-23 22:15:00,770.41,774.07,769.02,772.83,21733.65
2025-07-23 22:30:00,772.82,773.79,771.65,773.55,5304.23
2025-07-23 22:45:00,773.57,774.88,772.72,774.17,7825.54
2025-07-23 23:00:00,774.17,776.44,773.78,776.29,6913.8
2025-07-23 23:15:00,776.28,776.56,774.73,776.16,7748.27
2025-07-23 23:30:00,776.15,776.66,774.89,776.66,7111.04
2025-07-23 23:45:00,776.66,777.61,775.72,776.92,7633.3
2025-07-24 00:00:00,776.88,776.95,773.11,775.41,12688.74
2025-07-24 00:15:00,775.41,779.68,773.87,779.52,12314.38
2025-07-24 00:30:00,779.52,783.27,778.09,783.11,20191.76
2025-07-24 00:45:00,783.12,784.88,781.62,784.4,11564.58
2025-07-24 01:00:00,784.4,784.4,782.04,783.12,8493.65
2025-07-24 01:15:00,783.13,784.65,781.88,783.08,13549.55
2025-07-24 01:30:00,783.09,784.61,781.65,783.19,8555.97
2025-07-24 01:45:00,783.2,784.61,782.89,784.28,5274.07
2025-07-24 02:00:00,784.28,784.38,781.55,782.94,9524.5
2025-07-24 02:15:00,782.95,783.09,780.61,781.51,6215.34
2025-07-24 02:30:00,781.52,783.74,781.5,783.21,3917.85
2025-07-24 02:45:00,783.2,786.93,781.45,782.83,20226.74
2025-07-24 03:00:00,782.83,782.83,780.93,782.25,5235.37
2025-07-24 03:15:00,782.26,784.56,781.45,783.91,7204.25
2025-07-24 03:30:00,783.9,783.91,781.4,782.71,4682.88
2025-07-24 03:45:00,782.72,783.01,779.1,779.76,9582.7
2025-07-24 04:00:00,779.77,780.43,776.28,779.25,15018.54
2025-07-24 04:15:00,779.24,779.24,774.13,774.85,10616.45
2025-07-24 04:30:00,774.84,775.3,768.06,768.73,27570.74
2025-07-24 04:45:00,768.74,770.29,766.48,767.43,14292.71
2025-07-24 05:00:00,767.42,767.95,762.54,762.54,17800.08
2025-07-24 05:15:00,762.55,766.33,760.08,761.44,18686.17
2025-07-24 05:30:00,761.44,765.79,760.8,764.58,17321.21
2025-07-24 05:45:00,764.58,764.7,751.55,751.68,46106.43
2025-07-24 06:00:00,751.67,755.71,751.47,755.08,23855.05
2025-07-24 06:15:00,755.06,757.54,751.0,756.51,21737.3
2025-07-24 06:30:00,756.51,757.1,745.8,746.58,44980.6
2025-07-24 06:45:00,746.58,750.8,743.72,749.5,38156.02
2025-07-24 07:00:00,749.5,752.56,742.61,750.75,36206.06
2025-07-24 07:15:00,750.76,756.84,750.44,756.15,27634.33
2025-07-24 07:30:00,756.14,757.98,753.04,757.2,13149.58
2025-07-24 07:45:00,757.2,759.5,754.17,759.33,10402.12
2025-07-24 08:00:00,759.32,764.85,757.01,763.99,19127.77
2025-07-24 08:15:00,763.98,763.98,760.8,761.92,12475.51
2025-07-24 08:30:00,761.92,764.42,761.89,763.81,7527.62
2025-07-24 08:45:00,763.81,767.78,763.67,766.71,11674.26
2025-07-24 09:00:00,766.7,768.15,766.41,766.95,9233.36
2025-07-24 09:15:00,766.96,767.64,764.49,766.35,9434.24
2025-07-24 09:30:00,766.35,768.14,765.3,768.14,6209.58
2025-07-24 09:45:00,768.15,768.29,763.38,766.29,7635.74
2025-07-24 10:00:00,766.29,769.14,763.8,764.06,10599.6
2025-07-24 10:15:00,764.06,764.87,758.18,758.37,18438.29
2025-07-24 10:30:00,758.38,760.35,755.8,759.35,12140.33
2025-07-24 10:45:00,759.36,763.52,757.85,763.25,11055.53
2025-07-24 11:00:00,763.24,767.24,762.86,767.05,10183.16
2025-07-24 11:15:00,767.05,769.28,766.12,768.74,9144.29
2025-07-24 11:30:00,768.75,771.38,767.91,770.99,7225.55
2025-07-24 11:45:00,771.0,772.91,769.39,770.57,16731.22
2025-07-24 12:00:00,770.57,772.49,766.63,768.9,10259.12
2025-07-24 12:15:00,768.89,769.87,765.62,769.63,13244.96
2025-07-24 12:30:00,769.67,769.67,764.49,766.12,7730.61
2025-07-24 12:45:00,766.17,770.69,765.88,769.4,10462.63
2025-07-24 13:00:00,769.4,770.79,768.22,769.84,8043.22
2025-07-24 13:15:00,769.85,770.66,768.48,769.51,4800.16
2025-07-24 13:30:00,769.5,771.76,767.11,769.41,10573.96
2025-07-24 13:45:00,769.42,771.13,764.68,765.44,9319.13
2025-07-24 14:00:00,765.44,768.85,761.59,763.16,13131.36
2025-07-24 14:15:00,763.12,768.02,761.96,767.8,9085.69
2025-07-24 14:30:00,767.81,774.9,767.38,773.59,20903.0
2025-07-24 14:45:00,773.59,777.44,773.39,777.13,18562.52
2025-07-24 15:00:00,777.13,781.68,776.27,781.2,32503.36
2025-07-24 15:15:00,781.2,781.27,776.16,778.78,17546.45
2025-07-24 15:30:00,778.79,780.15,773.42,778.31,14947.84
2025-07-24 15:45:00,778.31,779.83,776.48,778.83,9532.56
2025-07-24 16:00:00,778.84,779.5,775.85,776.4,12043.6
2025-07-24 16:15:00,776.39,777.34,772.11,772.28,11589.48
2025-07-24 16:30:00,772.29,774.52,770.31,771.9,14313.31
2025-07-24 16:45:00,771.9,776.22,770.44,775.15,9452.08
2025-07-24 17:00:00,775.16,781.79,774.59,781.13,14430.66
2025-07-24 17:15:00,781.13,786.13,781.1,784.15,16721.88
2025-07-24 17:30:00,784.16,785.3,783.21,783.36,6887.63
2025-07-24 17:45:00,783.37,784.03,781.46,781.99,7696.13
2025-07-24 18:00:00,781.99,786.24,780.45,785.13,9543.41
2025-07-24 18:15:00,785.13,785.31,783.43,784.65,5315.95
2025-07-24 18:30:00,784.65,785.12,781.15,781.76,5717.67
2025-07-24 18:45:00,781.8,783.06,781.42,782.0,3883.5
2025-07-24 19:00:00,782.0,783.51,781.71,783.18,4023.88
2025-07-24 19:15:00,783.18,783.78,780.32,780.9,4324.49
2025-07-24 19:30:00,780.91,781.39,779.51,780.34,4607.28
2025-07-24 19:45:00,780.35,781.94,779.27,779.4,5251.13
2025-07-24 20:00:00,779.4,780.68,778.82,780.01,3302.59
2025-07-24 20:15:00,780.01,780.22,777.34,779.45,5622.72
2025-07-24 20:30:00,779.45,780.2,778.64,779.48,2673.63
2025-07-24 20:45:00,779.49,781.88,779.48,781.21,4390.11
2025-07-24 21:00:00,781.2,782.17,778.52,779.47,4137.64
2025-07-24 21:15:00,779.48,779.81,777.52,777.57,2549.19
2025-07-24 21:30:00,777.56,778.67,775.72,778.67,4247.59
2025-07-24 21:45:00,778.67,778.78,776.95,776.96,1879.69
2025-07-24 22:00:00,776.95,777.88,774.76,775.04,6068.49
2025-07-24 22:15:00,775.04,777.09,774.54,777.08,4346.23
2025-07-24 22:30:00,777.08,780.46,775.97,780.08,4997.44
2025-07-24 22:45:00,780.07,780.15,777.54,778.17,4815.79
2025-07-24 23:00:00,778.16,778.16,773.12,773.54,12780.25
2025-07-24 23:15:00,773.6,774.96,770.96,772.18,11904.96
2025-07-24 23:30:00,772.18,773.08,770.06,771.1,7291.15
2025-07-24 23:45:00,771.09,772.5,770.0,771.15,4881.54
2025-07-25 00:00:00,771.16,771.77,768.21,769.09,11640.99
2025-07-25 00:15:00,769.1,770.61,767.62,770.13,6583.39
2025-07-25 00:30:00,770.12,770.34,765.01,769.71,10153.8
2025-07-25 00:45:00,769.7,771.14,766.95,767.09,6814.03
2025-07-25 01:00:00,767.08,770.16,765.6,766.23,8321.38
2025-07-25 01:15:00,766.23,767.79,761.81,765.46,20662.04
2025-07-25 01:30:00,765.46,768.26,761.99,767.83,18213.21
2025-07-25 01:45:00,767.83,770.71,765.83,769.32,8961.8
2025-07-25 02:00:00,769.32,771.5,767.63,770.74,6621.69
2025-07-25 02:15:00,770.74,770.89,766.55,768.27,5339.41
2025-07-25 02:30:00,768.28,768.56,760.0,761.45,10178.62
2025-07-25 02:45:00,761.46,762.88,758.61,758.61,12491.74
2025-07-25 03:00:00,758.61,763.86,757.06,761.79,14916.8
2025-07-25 03:15:00,761.8,763.71,759.13,759.88,10253.41
2025-07-25 03:30:00,759.88,759.88,753.18,755.61,23430.59
2025-07-25 03:45:00,755.61,757.9,753.83,756.99,10453.61
2025-07-25 04:00:00,756.98,759.07,754.16,754.27,10037.16
2025-07-25 04:15:00,754.24,757.05,752.26,756.37,12316.01
2025-07-25 04:30:00,756.36,764.42,756.13,761.52,27180.91
2025-07-25 04:45:00,761.53,765.58,761.53,765.09,15387.91
2025-07-25 05:00:00,765.08,765.08,760.14,760.48,20249.03
2025-07-25 05:15:00,760.48,764.14,760.39,762.96,7391.07
2025-07-25 05:30:00,762.96,762.96,760.96,761.63,4914.73
2025-07-25 05:45:00,761.64,762.16,759.49,760.57,7316.99
2025-07-25 06:00:00,760.57,760.79,756.3,759.13,9914.66
2025-07-25 06:15:00,759.13,760.48,756.47,757.91,6594.91
2025-07-25 06:30:00,757.9,763.56,756.66,763.15,9411.19
2025-07-25 06:45:00,763.14,764.13,761.72,762.12,7546.93
2025-07-25 07:00:00,762.14,764.26,760.01,763.17,9162.84
2025-07-25 07:15:00,763.16,767.24,762.75,762.9,12152.7
2025-07-25 07:30:00,762.9,763.63,758.59,759.05,12803.09
2025-07-25 07:45:00,759.06,762.67,757.56,761.72,17746.75
2025-07-25 08:00:00,761.72,765.04,761.56,764.86,9609.35
2025-07-25 08:15:00,764.85,768.24,764.05,766.71,10455.21
2025-07-25 08:30:00,766.7,766.84,762.8,763.46,7203.82
2025-07-25 08:45:00,763.46,766.53,762.46,765.37,7797.69
2025-07-25 09:00:00,765.38,765.91,762.88,765.34,6318.71
2025-07-25 09:15:00,765.35,769.48,763.73,769.48,9822.14
2025-07-25 09:30:00,769.47,772.2,768.72,768.72,14082.25
2025-07-25 09:45:00,768.71,771.91,768.02,771.9,8490.6
2025-07-25 10:00:00,771.9,773.77,769.82,770.83,11311.33
2025-07-25 10:15:00,770.8,770.8,767.39,767.56,7309.82
2025-07-25 10:30:00,767.57,769.76,767.57,769.34,4891.76
2025-07-25 10:45:00,769.35,770.13,768.19,769.87,4720.12
2025-07-25 11:00:00,769.87,771.24,769.75,770.52,5313.28
2025-07-25 11:15:00,770.53,773.41,770.45,772.08,5543.34
2025-07-25 11:30:00,772.08,772.94,770.28,771.0,9356.41
2025-07-25 11:45:00,770.97,772.55,770.49,772.11,5246.28
2025-07-25 12:00:00,772.11,777.36,772.11,775.46,19086.08
2025-07-25 12:15:00,775.47,776.06,771.55,773.12,8692.22
2025-07-25 12:30:00,773.11,776.16,771.51,775.08,8694.68
2025-07-25 12:45:00,775.09,775.35,773.04,774.69,4468.68
2025-07-25 13:00:00,774.7,775.46,773.77,774.46,5580.04
2025-07-25 13:15:00,774.4,776.37,773.96,774.88,6720.33
2025-07-25 13:30:00,774.89,776.32,770.16,771.45,11768.77
2025-07-25 13:45:00,771.45,775.04,771.2,774.74,10919.32
2025-07-25 14:00:00,774.75,775.09,770.16,770.4,6366.75
2025-07-25 14:15:00,770.4,771.43,767.7,769.34,9193.73
2025-07-25 14:30:00,769.34,770.05,762.44,762.6,22854.45
2025-07-25 14:45:00,762.59,764.96,761.1,761.52,11780.29
2025-07-25 15:00:00,761.51,766.95,761.15,766.42,11095.03
2025-07-25 15:15:00,766.42,768.42,765.41,766.86,6737.44
2025-07-25 15:30:00,766.86,767.73,761.02,762.91,9509.77
2025-07-25 15:45:00,762.94,766.96,762.94,766.22,8113.51
2025-07-25 16:00:00,766.22,768.26,765.74,767.49,8298.72
2025-07-25 16:15:00,767.49,768.59,763.72,767.14,7410.88
2025-07-25 16:30:00,767.13,768.74,764.77,768.35,7511.22
2025-07-25 16:45:00,768.36,774.0,768.22,773.44,14083.88
2025-07-25 17:00:00,773.44,776.38,773.24,775.11,10779.72
2025-07-25 17:15:00,775.1,775.77,773.09,774.83,7088.07
2025-07-25 17:30:00,774.83,776.66,772.94,776.56,7537.24
2025-07-25 17:45:00,776.56,777.56,775.32,776.47,8163.99
2025-07-25 18:00:00,776.48,777.77,775.48,777.55,7958.7
2025-07-25 18:15:00,777.56,777.58,774.6,775.9,5576.76
2025-07-25 18:30:00,775.9,777.28,774.76,777.28,6730.58
2025-07-25 18:45:00,777.27,777.27,775.09,776.17,2819.74
2025-07-25 19:00:00,776.17,777.3,776.0,776.71,3583.1
2025-07-25 19:15:00,776.72,776.81,775.4,775.48,5045.95
2025-07-25 19:30:00,775.49,777.77,775.48,777.07,6628.01
2025-07-25 19:45:00,777.08,777.93,774.29,774.63,4931.51
2025-07-25 20:00:00,774.64,775.96,773.93,775.72,2906.69
2025-07-25 20:15:00,775.72,777.5,775.72,777.49,3597.66
2025-07-25 20:30:00,777.5,779.2,776.98,778.91,5508.69
2025-07-25 20:45:00,778.91,779.7,777.43,777.89,6207.9
2025-07-25 21:00:00,777.91,780.38,777.89,779.77,5562.09
2025-07-25 21:15:00,779.78,781.99,779.25,780.53,11034.92
2025-07-25 21:30:00,780.53,780.7,778.61,779.01,3012.33
2025-07-25 21:45:00,779.01,780.2,779.0,779.47,1849.91
2025-07-25 22:00:00,779.47,781.49,779.47,780.27,5590.25
2025-07-25 22:15:00,780.27,780.47,778.8,780.11,4039.8
2025-07-25 22:30:00,780.12,782.64,779.94,782.5,3843.78
2025-07-25 22:45:00,782.49,784.96,782.14,784.0,8921.15
2025-07-25 23:00:00,784.01,785.4,782.96,783.74,8305.1
2025-07-25 23:15:00,783.75,784.72,783.5,784.6,2290.26
2025-07-25 23:30:00,784.6,785.2,784.34,784.63,5220.23
2025-07-25 23:45:00,784.64,786.5,784.58,785.98,5822.48
2025-07-26 00:00:00,785.98,786.18,784.01,786.01,8231.92
2025-07-26 00:15:00,786.01,786.07,784.22,784.99,4241.4
2025-07-26 00:30:00,785.0,785.0,783.5,783.63,4372.58
2025-07-26 00:45:00,783.63,783.64,782.08,782.93,5105.22
2025-07-26 01:00:00,782.92,784.34,782.28,784.25,4840.29
2025-07-26 01:15:00,784.26,784.5,782.34,782.4,3272.81
2025-07-26 01:30:00,782.4,782.56,780.3,780.43,5272.32
2025-07-26 01:45:00,780.42,781.28,778.81,779.09,5371.03
2025-07-26 02:00:00,779.09,781.08,779.09,780.55,4885.31
2025-07-26 02:15:00,780.54,783.26,780.35,782.95,5567.6
2025-07-26 02:30:00,782.95,785.0,782.65,784.35,7490.55
2025-07-26 02:45:00,784.35,784.84,783.94,783.94,3028.42
2025-07-26 03:00:00,783.94,784.78,783.16,784.41,2873.8
2025-07-26 03:15:00,784.42,784.62,782.71,782.92,2244.64
2025-07-26 03:30:00,782.92,784.2,782.67,783.74,1631.67
2025-07-26 03:45:00,783.74,784.42,783.4,783.92,1945.06
2025-07-26 04:00:00,783.93,784.55,783.5,784.53,1936.74
2025-07-26 04:15:00,784.53,784.54,782.0,782.37,4835.84
2025-07-26 04:30:00,782.37,782.8,781.93,782.59,3674.91
2025-07-26 04:45:00,782.59,782.8,781.18,782.26,5825.59
2025-07-26 05:00:00,782.27,782.41,781.28,781.55,2223.74
2025-07-26 05:15:00,781.54,782.29,781.17,781.87,1958.98
2025-07-26 05:30:00,781.88,782.42,781.36,781.85,2762.94
2025-07-26 05:45:00,781.86,781.92,780.85,781.14,1656.58
2025-07-26 06:00:00,781.15,781.72,780.91,780.92,1653.61
